strategy,config_id,parameters_json,trades,wins,losses,signals,expectancy_R,gross_expectancy_R,avg_cost_R,profit_factor_R,max_drawdown_R,cost_share_of_gross_wins,param_adx_threshold,param_adx_window,param_atr_stop_multiplier,param_atr_stop_window,param_fast_ema,param_max_hold_bars,param_pullback_lookback,param_require_di,param_risk_reward,param_side,param_slow_ema,param_min_bars_after_reset,param_regime_ema,param_volume_mult,param_volume_window,param_vwap_slope_lookback,param_atr_window,param_level_lookback,param_reclaim_atr,param_stop_atr,param_sweep_atr,param_breakout_atr_buffer,param_lookback
rolling_sweep_reclaim,371ac17215b6fafae1b079bd,"{""atr_window"":14,""level_lookback"":96,""max_hold_bars"":64,""reclaim_atr"":0.0,""regime_ema"":200,""risk_reward"":1.5,""side"":""short"",""stop_atr"":0.25,""sweep_atr"":0.15}",22.0,14.0,8.0,22.0,0.30317073424706364,0.6072720784154364,0.3041013441683728,1.8210839771185832,2.027499432681545,0.3398163732908702,,,,,,64,,,1.5,short,,,200.0,,,,14.0,96.0,0.0,0.25,0.15,,
rolling_sweep_reclaim,4c08f9de25f2b57594975179,"{""atr_window"":14,""level_lookback"":96,""max_hold_bars"":64,""reclaim_atr"":0.1,""regime_ema"":200,""risk_reward"":1.5,""side"":""short"",""stop_atr"":0.25,""sweep_atr"":0.15}",22.0,14.0,8.0,22.0,0.30317073424706364,0.6072720784154364,0.3041013441683728,1.8210839771185832,2.027499432681545,0.3398163732908702,,,,,,64,,,1.5,short,,,200.0,,,,14.0,96.0,0.1,0.25,0.15,,
rolling_sweep_reclaim,7e969e775bbb97c72f85b4cc,"{""atr_window"":21,""level_lookback"":96,""max_hold_bars"":64,""reclaim_atr"":0.0,""regime_ema"":200,""risk_reward"":1.5,""side"":""short"",""stop_atr"":0.25,""sweep_atr"":0.15}",22.0,14.0,8.0,22.0,0.30214798031298135,0.607605234229006,0.3054572539160248,1.8175625512811955,2.0396793091630547,0.34115579917864564,,,,,,64,,,1.5,short,,,200.0,,,,21.0,96.0,0.0,0.25,0.15,,
rolling_sweep_reclaim,cd47857bbedd4c68276d930d,"{""atr_window"":21,""level_lookback"":96,""max_hold_bars"":64,""reclaim_atr"":0.1,""regime_ema"":200,""risk_reward"":1.5,""side"":""short"",""stop_atr"":0.25,""sweep_atr"":0.15}",22.0,14.0,8.0,22.0,0.30214798031298135,0.607605234229006,0.3054572539160248,1.8175625512811955,2.0396793091630547,0.34115579917864564,,,,,,64,,,1.5,short,,,200.0,,,,21.0,96.0,0.1,0.25,0.15,,
rolling_sweep_reclaim,78f7fba5610f069c0162e2e9,"{""atr_window"":14,""level_lookback"":96,""max_hold_bars"":64,""reclaim_atr"":0.0,""regime_ema"":200,""risk_reward"":2.0,""side"":""short"",""stop_atr"":0.1,""sweep_atr"":0.0}",29.0,16.0,13.0,29.0,0.25711117361989416,0.5904629788413631,0.3333518052214689,1.49249587942189,3.467258256000081,0.3396617287499787,,,,,,64,,,2.0,short,,,200.0,,,,14.0,96.0,0.0,0.1,0.0,,
rolling_sweep_reclaim,62e5e031209b9799f72ab128,"{""atr_window"":14,""level_lookback"":96,""max_hold_bars"":64,""reclaim_atr"":0.1,""regime_ema"":200,""risk_reward"":2.0,""side"":""short"",""stop_atr"":0.1,""sweep_atr"":0.0}",29.0,16.0,13.0,29.0,0.25711117361989416,0.5904629788413631,0.3333518052214689,1.49249587942189,3.467258256000081,0.3396617287499787,,,,,,64,,,2.0,short,,,200.0,,,,14.0,96.0,0.1,0.1,0.0,,
rolling_sweep_reclaim,4302b6bd77f43866dca2a2a1,"{""atr_window"":21,""level_lookback"":96,""max_hold_bars"":64,""reclaim_atr"":0.0,""regime_ema"":200,""risk_reward"":2.0,""side"":""short"",""stop_atr"":0.1,""sweep_atr"":0.0}",29.0,16.0,13.0,29.0,0.25687503658453514,0.5905995665219723,0.33372452993743706,1.4918966344846378,3.4668157347706003,0.3399800250985767,,,,,,64,,,2.0,short,,,200.0,,,,21.0,96.0,0.0,0.1,0.0,,
rolling_sweep_reclaim,83998cd48aea0ca813e99845,"{""atr_window"":21,""level_lookback"":96,""max_hold_bars"":64,""reclaim_atr"":0.1,""regime_ema"":200,""risk_reward"":2.0,""side"":""short"",""stop_atr"":0.1,""sweep_atr"":0.0}",29.0,16.0,13.0,29.0,0.25687503658453514,0.5905995665219723,0.33372452993743706,1.4918966344846378,3.4668157347706003,0.3399800250985767,,,,,,64,,,2.0,short,,,200.0,,,,21.0,96.0,0.1,0.1,0.0,,
rolling_sweep_reclaim,028d6379870a844b14621245,"{""atr_window"":14,""level_lookback"":96,""max_hold_bars"":64,""reclaim_atr"":0.0,""regime_ema"":200,""risk_reward"":1.5,""side"":""short"",""stop_atr"":0.25,""sweep_atr"":0.0}",28.0,17.0,11.0,28.0,0.22249448491346696,0.5307137758978425,0.3082192909843755,1.5146533750645503,4.481107482580294,0.3567975479724461,,,,,,64,,,1.5,short,,,200.0,,,,14.0,96.0,0.0,0.25,0.0,,
rolling_sweep_reclaim,09a3c8765067a97f7109872b,"{""atr_window"":14,""level_lookback"":96,""max_hold_bars"":64,""reclaim_atr"":0.1,""regime_ema"":200,""risk_reward"":1.5,""side"":""short"",""stop_atr"":0.25,""sweep_atr"":0.0}",28.0,17.0,11.0,28.0,0.22249448491346696,0.5307137758978425,0.3082192909843755,1.5146533750645503,4.481107482580294,0.3567975479724461,,,,,,64,,,1.5,short,,,200.0,,,,14.0,96.0,0.1,0.25,0.0,,
rolling_sweep_reclaim,d55d126f0cdd6f830ef28e20,"{""atr_window"":21,""level_lookback"":96,""max_hold_bars"":64,""reclaim_atr"":0.0,""regime_ema"":200,""risk_reward"":1.5,""side"":""short"",""stop_atr"":0.25,""sweep_atr"":0.0}",28.0,17.0,11.0,28.0,0.22182343109893968,0.5309755411799351,0.3091521100809955,1.5125249994680938,4.491405314308448,0.357727405433036,,,,,,64,,,1.5,short,,,200.0,,,,21.0,96.0,0.0,0.25,0.0,,
rolling_sweep_reclaim,a7e7be54e56e965ed7ab768f,"{""atr_window"":21,""level_lookback"":96,""max_hold_bars"":64,""reclaim_atr"":0.1,""regime_ema"":200,""risk_reward"":1.5,""side"":""short"",""stop_atr"":0.25,""sweep_atr"":0.0}",28.0,17.0,11.0,28.0,0.22182343109893968,0.5309755411799351,0.3091521100809955,1.5125249994680938,4.491405314308448,0.357727405433036,,,,,,64,,,1.5,short,,,200.0,,,,21.0,96.0,0.1,0.25,0.0,,
rolling_sweep_reclaim,19b0581bc81dd2c842edb9d8,"{""atr_window"":14,""level_lookback"":96,""max_hold_bars"":64,""reclaim_atr"":0.0,""regime_ema"":200,""risk_reward"":2.0,""side"":""short"",""stop_atr"":0.1,""sweep_atr"":0.15}",22.0,12.0,10.0,22.0,0.22080151797045836,0.5510648357454331,0.3302633177749748,1.4398718869553075,3.4672582560000813,0.35509989814572523,,,,,,64,,,2.0,short,,,200.0,,,,14.0,96.0,0.0,0.1,0.15,,
rolling_sweep_reclaim,cae46b6b089cdad9e78f5cf5,"{""atr_window"":14,""level_lookback"":96,""max_hold_bars"":64,""reclaim_atr"":0.1,""regime_ema"":200,""risk_reward"":2.0,""side"":""short"",""stop_atr"":0.1,""sweep_atr"":0.15}",22.0,12.0,10.0,22.0,0.22080151797045836,0.5510648357454331,0.3302633177749748,1.4398718869553075,3.4672582560000813,0.35509989814572523,,,,,,64,,,2.0,short,,,200.0,,,,14.0,96.0,0.1,0.1,0.15,,
rolling_sweep_reclaim,af631aba75e563be1cec3eb3,"{""atr_window"":21,""level_lookback"":96,""max_hold_bars"":64,""reclaim_atr"":0.0,""regime_ema"":200,""risk_reward"":2.0,""side"":""short"",""stop_atr"":0.1,""sweep_atr"":0.15}",22.0,12.0,10.0,22.0,0.22033981527393126,0.5512448831426,0.3309050678686687,1.4388867986749019,3.4668157347706,0.35570043228313725,,,,,,64,,,2.0,short,,,200.0,,,,21.0,96.0,0.0,0.1,0.15,,
rolling_sweep_reclaim,771542ce2911b1503cf0cd14,"{""atr_window"":21,""level_lookback"":96,""max_hold_bars"":64,""reclaim_atr"":0.1,""regime_ema"":200,""risk_reward"":2.0,""side"":""short"",""stop_atr"":0.1,""sweep_atr"":0.15}",22.0,12.0,10.0,22.0,0.22033981527393126,0.5512448831426,0.3309050678686687,1.4388867986749019,3.4668157347706,0.35570043228313725,,,,,,64,,,2.0,short,,,200.0,,,,21.0,96.0,0.1,0.1,0.15,,
rolling_sweep_reclaim,07bbc079ebf8a212e9cf87f3,"{""atr_window"":14,""level_lookback"":96,""max_hold_bars"":32,""reclaim_atr"":0.0,""regime_ema"":200,""risk_reward"":1.5,""side"":""short"",""stop_atr"":0.25,""sweep_atr"":0.15}",22.0,13.0,9.0,22.0,0.20459330922379795,0.5087636093205372,0.30417030009673923,1.5495852544623927,2.0057987123450154,0.38793418572867616,,,,,,32,,,1.5,short,,,200.0,,,,14.0,96.0,0.0,0.25,0.15,,
rolling_sweep_reclaim,b2dbb39854cd2779f7dbf001,"{""atr_window"":14,""level_lookback"":96,""max_hold_bars"":32,""reclaim_atr"":0.1,""regime_ema"":200,""risk_reward"":1.5,""side"":""short"",""stop_atr"":0.25,""sweep_atr"":0.15}",22.0,13.0,9.0,22.0,0.20459330922379795,0.5087636093205372,0.30417030009673923,1.5495852544623927,2.0057987123450154,0.38793418572867616,,,,,,32,,,1.5,short,,,200.0,,,,14.0,96.0,0.1,0.25,0.15,,
rolling_range_breakout,1dd7c1761b8277178433b23c,"{""atr_stop_multiplier"":4.0,""atr_stop_window"":14,""atr_window"":21,""breakout_atr_buffer"":0.5,""lookback"":384,""max_hold_bars"":384,""regime_ema"":100,""risk_reward"":4.0,""side"":""long""}",158.0,47.0,111.0,158.0,0.20432353200267456,0.2843612017617445,0.08003766975906995,1.2727914899379464,14.36259161665786,0.08177644464756946,,,4.0,14.0,,384,,,4.0,long,,,100.0,,,,21.0,,,,,0.5,384.0
rolling_range_breakout,ed2711f5d162efc81029d477,"{""atr_stop_multiplier"":4.0,""atr_stop_window"":14,""atr_window"":21,""breakout_atr_buffer"":0.5,""lookback"":384,""max_hold_bars"":384,""regime_ema"":200,""risk_reward"":4.0,""side"":""long""}",158.0,47.0,111.0,158.0,0.20432353200267456,0.2843612017617445,0.08003766975906995,1.2727914899379464,14.36259161665786,0.08177644464756946,,,4.0,14.0,,384,,,4.0,long,,,200.0,,,,21.0,,,,,0.5,384.0
rolling_sweep_reclaim,141a9964d3fd8d5068c82646,"{""atr_window"":21,""level_lookback"":96,""max_hold_bars"":32,""reclaim_atr"":0.0,""regime_ema"":200,""risk_reward"":1.5,""side"":""short"",""stop_atr"":0.25,""sweep_atr"":0.15}",22.0,13.0,9.0,22.0,0.20393443366399852,0.5094603889717034,0.30552595530770493,1.547345272875069,2.0061613490321157,0.3893139182986946,,,,,,32,,,1.5,short,,,200.0,,,,21.0,96.0,0.0,0.25,0.15,,
rolling_sweep_reclaim,071726888a5a13e8d9480230,"{""atr_window"":21,""level_lookback"":96,""max_hold_bars"":32,""reclaim_atr"":0.1,""regime_ema"":200,""risk_reward"":1.5,""side"":""short"",""stop_atr"":0.25,""sweep_atr"":0.15}",22.0,13.0,9.0,22.0,0.20393443366399852,0.5094603889717034,0.30552595530770493,1.547345272875069,2.0061613490321157,0.3893139182986946,,,,,,32,,,1.5,short,,,200.0,,,,21.0,96.0,0.1,0.25,0.15,,
rolling_sweep_reclaim,a2b8fe7ec908cd1422f9cb2c,"{""atr_window"":21,""level_lookback"":96,""max_hold_bars"":32,""reclaim_atr"":0.0,""regime_ema"":200,""risk_reward"":2.0,""side"":""short"",""stop_atr"":0.25,""sweep_atr"":0.15}",22.0,12.0,10.0,22.0,0.19980177141329875,0.5053306175609912,0.3055288461476924,1.4538069682785173,3.7737136827303006,0.3698425262388087,,,,,,32,,,2.0,short,,,200.0,,,,21.0,96.0,0.0,0.25,0.15,,
rolling_sweep_reclaim,8c96159b389f8b9b0fa3372e,"{""atr_window"":21,""level_lookback"":96,""max_hold_bars"":32,""reclaim_atr"":0.1,""regime_ema"":200,""risk_reward"":2.0,""side"":""short"",""stop_atr"":0.25,""sweep_atr"":0.15}",22.0,12.0,10.0,22.0,0.19980177141329875,0.5053306175609912,0.3055288461476924,1.4538069682785173,3.7737136827303006,0.3698425262388087,,,,,,32,,,2.0,short,,,200.0,,,,21.0,96.0,0.1,0.25,0.15,,
rolling_sweep_reclaim,aafeae75d7e7b380719747a7,"{""atr_window"":14,""level_lookback"":96,""max_hold_bars"":32,""reclaim_atr"":0.0,""regime_ema"":200,""risk_reward"":2.0,""side"":""short"",""stop_atr"":0.25,""sweep_atr"":0.15}",22.0,12.0,10.0,22.0,0.19968194178241172,0.5038556774314732,0.3041737356490616,1.4538126701672909,3.772236963249483,0.36886369059359975,,,,,,32,,,2.0,short,,,200.0,,,,14.0,96.0,0.0,0.25,0.15,,
rolling_sweep_reclaim,82300a0fef3d74055db9b4e9,"{""atr_window"":14,""level_lookback"":96,""max_hold_bars"":32,""reclaim_atr"":0.1,""regime_ema"":200,""risk_reward"":2.0,""side"":""short"",""stop_atr"":0.25,""sweep_atr"":0.15}",22.0,12.0,10.0,22.0,0.19968194178241172,0.5038556774314732,0.3041737356490616,1.4538126701672909,3.772236963249483,0.36886369059359975,,,,,,32,,,2.0,short,,,200.0,,,,14.0,96.0,0.1,0.25,0.15,,
rolling_range_breakout,bd5ffe91ddb6034ffad99878,"{""atr_stop_multiplier"":4.0,""atr_stop_window"":14,""atr_window"":14,""breakout_atr_buffer"":0.5,""lookback"":384,""max_hold_bars"":384,""regime_ema"":100,""risk_reward"":4.0,""side"":""long""}",155.0,46.0,109.0,155.0,0.19908334258621055,0.2789305819027252,0.07984723931651458,1.2657213682753556,14.36259161665786,0.08199188841026989,,,4.0,14.0,,384,,,4.0,long,,,100.0,,,,14.0,,,,,0.5,384.0
rolling_range_breakout,a9cd02f793b5303155a8898e,"{""atr_stop_multiplier"":4.0,""atr_stop_window"":14,""atr_window"":14,""breakout_atr_buffer"":0.5,""lookback"":384,""max_hold_bars"":384,""regime_ema"":200,""risk_reward"":4.0,""side"":""long""}",155.0,46.0,109.0,155.0,0.19908334258621055,0.2789305819027252,0.07984723931651458,1.2657213682753556,14.36259161665786,0.08199188841026989,,,4.0,14.0,,384,,,4.0,long,,,200.0,,,,14.0,,,,,0.5,384.0
rolling_sweep_reclaim,b14bbff1d881c647b010dcdc,"{""atr_window"":21,""level_lookback"":96,""max_hold_bars"":16,""reclaim_atr"":0.0,""regime_ema"":200,""risk_reward"":2.5,""side"":""short"",""stop_atr"":0.25,""sweep_atr"":0.15}",22.0,11.0,11.0,22.0,0.19824598722201972,0.503775921656845,0.30552993443482535,1.5534824625150692,2.713122882344382,0.40593047728825055,,,,,,16,,,2.5,short,,,200.0,,,,21.0,96.0,0.0,0.25,0.15,,
rolling_sweep_reclaim,9e9607b9664a0e499be64fde,"{""atr_window"":21,""level_lookback"":96,""max_hold_bars"":16,""reclaim_atr"":0.1,""regime_ema"":200,""risk_reward"":2.5,""side"":""short"",""stop_atr"":0.25,""sweep_atr"":0.15}",22.0,11.0,11.0,22.0,0.19824598722201972,0.503775921656845,0.30552993443482535,1.5534824625150692,2.713122882344382,0.40593047728825055,,,,,,16,,,2.5,short,,,200.0,,,,21.0,96.0,0.1,0.25,0.15,,
rolling_sweep_reclaim,bb9b8c32d65fae52ffba5f71,"{""atr_window"":14,""level_lookback"":96,""max_hold_bars"":16,""reclaim_atr"":0.0,""regime_ema"":200,""risk_reward"":2.5,""side"":""short"",""stop_atr"":0.25,""sweep_atr"":0.15}",22.0,11.0,11.0,22.0,0.19691581536129632,0.5010914859443988,0.3041756705831025,1.5502509527150836,2.7083165895917176,0.40560447871314875,,,,,,16,,,2.5,short,,,200.0,,,,14.0,96.0,0.0,0.25,0.15,,
rolling_sweep_reclaim,c0aa51ee97a3f1e90de75b31,"{""atr_window"":14,""level_lookback"":96,""max_hold_bars"":16,""reclaim_atr"":0.1,""regime_ema"":200,""risk_reward"":2.5,""side"":""short"",""stop_atr"":0.25,""sweep_atr"":0.15}",22.0,11.0,11.0,22.0,0.19691581536129632,0.5010914859443988,0.3041756705831025,1.5502509527150836,2.7083165895917176,0.40560447871314875,,,,,,16,,,2.5,short,,,200.0,,,,14.0,96.0,0.1,0.25,0.15,,
rolling_sweep_reclaim,c10c105184207237d09221ac,"{""atr_window"":21,""level_lookback"":96,""max_hold_bars"":16,""reclaim_atr"":0.0,""regime_ema"":200,""risk_reward"":2.0,""side"":""short"",""stop_atr"":0.25,""sweep_atr"":0.15}",22.0,12.0,10.0,22.0,0.1938997717042129,0.49943274636174484,0.3055329746575319,1.5545646565806401,2.525328058841575,0.40829051250970666,,,,,,16,,,2.0,short,,,200.0,,,,21.0,96.0,0.0,0.25,0.15,,
rolling_sweep_reclaim,04f0eb6999879775c5e67928,"{""atr_window"":21,""level_lookback"":96,""max_hold_bars"":16,""reclaim_atr"":0.1,""regime_ema"":200,""risk_reward"":2.0,""side"":""short"",""stop_atr"":0.25,""sweep_atr"":0.15}",22.0,12.0,10.0,22.0,0.1938997717042129,0.49943274636174484,0.3055329746575319,1.5545646565806401,2.525328058841575,0.40829051250970666,,,,,,16,,,2.0,short,,,200.0,,,,21.0,96.0,0.1,0.25,0.15,,
rolling_sweep_reclaim,0c0362f8055ef10367b625ea,"{""atr_window"":14,""level_lookback"":96,""max_hold_bars"":32,""reclaim_atr"":0.0,""regime_ema"":200,""risk_reward"":2.0,""side"":""short"",""stop_atr"":0.1,""sweep_atr"":0.0}",29.0,15.0,14.0,29.0,0.19336621230101397,0.5267626077822242,0.3333963954812103,1.3684666479722651,4.356296045306729,0.36713554898707773,,,,,,32,,,2.0,short,,,200.0,,,,14.0,96.0,0.0,0.1,0.0,,
rolling_sweep_reclaim,163c275b6a029c5e12e6cf9e,"{""atr_window"":14,""level_lookback"":96,""max_hold_bars"":32,""reclaim_atr"":0.1,""regime_ema"":200,""risk_reward"":2.0,""side"":""short"",""stop_atr"":0.1,""sweep_atr"":0.0}",29.0,15.0,14.0,29.0,0.19336621230101397,0.5267626077822242,0.3333963954812103,1.3684666479722651,4.356296045306729,0.36713554898707773,,,,,,32,,,2.0,short,,,200.0,,,,14.0,96.0,0.1,0.1,0.0,,
rolling_sweep_reclaim,6fe80629d95aab1631a4e94d,"{""atr_window"":21,""level_lookback"":96,""max_hold_bars"":32,""reclaim_atr"":0.0,""regime_ema"":200,""risk_reward"":2.0,""side"":""short"",""stop_atr"":0.1,""sweep_atr"":0.0}",29.0,15.0,14.0,29.0,0.19321990528932442,0.5269889626494724,0.3337690573601479,1.368081204721481,4.364450685650054,0.3674534652738916,,,,,,32,,,2.0,short,,,200.0,,,,21.0,96.0,0.0,0.1,0.0,,
rolling_sweep_reclaim,5932c2f5adcb8ea7f541a4f9,"{""atr_window"":21,""level_lookback"":96,""max_hold_bars"":32,""reclaim_atr"":0.1,""regime_ema"":200,""risk_reward"":2.0,""side"":""short"",""stop_atr"":0.1,""sweep_atr"":0.0}",29.0,15.0,14.0,29.0,0.19321990528932442,0.5269889626494724,0.3337690573601479,1.368081204721481,4.364450685650054,0.3674534652738916,,,,,,32,,,2.0,short,,,200.0,,,,21.0,96.0,0.1,0.1,0.0,,
rolling_sweep_reclaim,db313634f506afe8c0c5dc25,"{""atr_window"":14,""level_lookback"":96,""max_hold_bars"":16,""reclaim_atr"":0.0,""regime_ema"":200,""risk_reward"":2.0,""side"":""short"",""stop_atr"":0.25,""sweep_atr"":0.15}",22.0,12.0,10.0,22.0,0.19306899794561874,0.4972473594172902,0.3041783614716715,1.552545450542826,2.522459196393399,0.40769791359432705,,,,,,16,,,2.0,short,,,200.0,,,,14.0,96.0,0.0,0.25,0.15,,
rolling_sweep_reclaim,54533f7645fc40a8490221d3,"{""atr_window"":14,""level_lookback"":96,""max_hold_bars"":16,""reclaim_atr"":0.1,""regime_ema"":200,""risk_reward"":2.0,""side"":""short"",""stop_atr"":0.25,""sweep_atr"":0.15}",22.0,12.0,10.0,22.0,0.19306899794561874,0.4972473594172902,0.3041783614716715,1.552545450542826,2.522459196393399,0.40769791359432705,,,,,,16,,,2.0,short,,,200.0,,,,14.0,96.0,0.1,0.25,0.15,,
rolling_range_breakout,055bcc2cb1e64f59b9a7b376,"{""atr_stop_multiplier"":2.0,""atr_stop_window"":14,""atr_window"":14,""breakout_atr_buffer"":0.5,""lookback"":384,""max_hold_bars"":96,""regime_ema"":100,""risk_reward"":4.0,""side"":""long""}",218.0,69.0,149.0,218.0,0.1882791863980165,0.3455250237876991,0.15724583738968242,1.2402523865151047,17.02906228000413,0.15397128186003503,,,2.0,14.0,,96,,,4.0,long,,,100.0,,,,14.0,,,,,0.5,384.0
rolling_range_breakout,06c17e20fd4bc2850ed517c3,"{""atr_stop_multiplier"":2.0,""atr_stop_window"":14,""atr_window"":14,""breakout_atr_buffer"":0.5,""lookback"":384,""max_hold_bars"":96,""regime_ema"":200,""risk_reward"":4.0,""side"":""long""}",218.0,69.0,149.0,218.0,0.1882791863980165,0.3455250237876991,0.15724583738968242,1.2402523865151047,17.02906228000413,0.15397128186003503,,,2.0,14.0,,96,,,4.0,long,,,200.0,,,,14.0,,,,,0.5,384.0
rolling_range_breakout,473a606a006d9a2cf84141b9,"{""atr_stop_multiplier"":2.0,""atr_stop_window"":14,""atr_window"":21,""breakout_atr_buffer"":0.5,""lookback"":384,""max_hold_bars"":192,""regime_ema"":100,""risk_reward"":4.0,""side"":""long""}",218.0,61.0,157.0,218.0,0.18775831800745452,0.344503003035193,0.15674468502773847,1.2273287182398565,18.739610938846074,0.1481376321242592,,,2.0,14.0,,192,,,4.0,long,,,100.0,,,,21.0,,,,,0.5,384.0
rolling_range_breakout,4e2fe57702258d4cd4d90c31,"{""atr_stop_multiplier"":2.0,""atr_stop_window"":14,""atr_window"":21,""breakout_atr_buffer"":0.5,""lookback"":384,""max_hold_bars"":192,""regime_ema"":200,""risk_reward"":4.0,""side"":""long""}",218.0,61.0,157.0,218.0,0.18775831800745452,0.344503003035193,0.15674468502773847,1.2273287182398565,18.739610938846074,0.1481376321242592,,,2.0,14.0,,192,,,4.0,long,,,200.0,,,,21.0,,,,,0.5,384.0
rolling_range_breakout,6115ec461acdea9ff6beef3c,"{""atr_stop_multiplier"":2.0,""atr_stop_window"":14,""atr_window"":21,""breakout_atr_buffer"":0.5,""lookback"":384,""max_hold_bars"":96,""regime_ema"":100,""risk_reward"":4.0,""side"":""long""}",223.0,71.0,152.0,223.0,0.18762443287892136,0.34473216915906624,0.1571077362801449,1.2399960249814943,17.02906228000413,0.15421221665614754,,,2.0,14.0,,96,,,4.0,long,,,100.0,,,,21.0,,,,,0.5,384.0
rolling_range_breakout,ec257c5069d6fd0a060b3b5d,"{""atr_stop_multiplier"":2.0,""atr_stop_window"":14,""atr_window"":21,""breakout_atr_buffer"":0.5,""lookback"":384,""max_hold_bars"":96,""regime_ema"":200,""risk_reward"":4.0,""side"":""long""}",223.0,71.0,152.0,223.0,0.18762443287892136,0.34473216915906624,0.1571077362801449,1.2399960249814943,17.02906228000413,0.15421221665614754,,,2.0,14.0,,96,,,4.0,long,,,200.0,,,,21.0,,,,,0.5,384.0
rolling_sweep_reclaim,cd64c947939b3737ff03be71,"{""atr_window"":21,""level_lookback"":96,""max_hold_bars"":32,""reclaim_atr"":0.0,""regime_ema"":200,""risk_reward"":2.5,""side"":""short"",""stop_atr"":0.1,""sweep_atr"":0.15}",22.0,11.0,11.0,22.0,0.18731853595817263,0.5182467025532539,0.3309281665950812,1.3704625004078679,3.851034761831619,0.3741161025372915,,,,,,32,,,2.5,short,,,200.0,,,,21.0,96.0,0.0,0.1,0.15,,
rolling_sweep_reclaim,370cdc3a4d04a522d6c4d213,"{""atr_window"":21,""level_lookback"":96,""max_hold_bars"":32,""reclaim_atr"":0.1,""regime_ema"":200,""risk_reward"":2.5,""side"":""short"",""stop_atr"":0.1,""sweep_atr"":0.15}",22.0,11.0,11.0,22.0,0.18731853595817263,0.5182467025532539,0.3309281665950812,1.3704625004078679,3.851034761831619,0.3741161025372915,,,,,,32,,,2.5,short,,,200.0,,,,21.0,96.0,0.1,0.1,0.15,,
rolling_sweep_reclaim,9915d9442672732c2a3482fb,"{""atr_window"":14,""level_lookback"":96,""max_hold_bars"":32,""reclaim_atr"":0.0,""regime_ema"":200,""risk_reward"":2.5,""side"":""short"",""stop_atr"":0.1,""sweep_atr"":0.15}",22.0,11.0,11.0,22.0,0.18725709926150677,0.5175438817043102,0.3302867824428035,1.3703919617306117,3.85029306823827,0.3736891184867378,,,,,,32,,,2.5,short,,,200.0,,,,14.0,96.0,0.0,0.1,0.15,,
rolling_sweep_reclaim,6b072a69156e5be7e979f0d0,"{""atr_window"":14,""level_lookback"":96,""max_hold_bars"":32,""reclaim_atr"":0.1,""regime_ema"":200,""risk_reward"":2.5,""side"":""short"",""stop_atr"":0.1,""sweep_atr"":0.15}",22.0,11.0,11.0,22.0,0.18725709926150677,0.5175438817043102,0.3302867824428035,1.3703919617306117,3.85029306823827,0.3736891184867378,,,,,,32,,,2.5,short,,,200.0,,,,14.0,96.0,0.1,0.1,0.15,,
rolling_sweep_reclaim,ebd349f439d2c23cee1b1823,"{""atr_window"":14,""level_lookback"":96,""max_hold_bars"":64,""reclaim_atr"":0.0,""regime_ema"":200,""risk_reward"":1.5,""side"":""short"",""stop_atr"":0.1,""sweep_atr"":0.15}",22.0,13.0,9.0,22.0,0.1853855129976585,0.515673604634411,0.33028809163675255,1.428695669956294,2.1729659364800438,0.38893492495964044,,,,,,64,,,1.5,short,,,200.0,,,,14.0,96.0,0.0,0.1,0.15,,
rolling_sweep_reclaim,145dfb1e0a0bd9372fe2803e,"{""atr_window"":14,""level_lookback"":96,""max_hold_bars"":64,""reclaim_atr"":0.1,""regime_ema"":200,""risk_reward"":1.5,""side"":""short"",""stop_atr"":0.1,""sweep_atr"":0.15}",22.0,13.0,9.0,22.0,0.1853855129976585,0.515673604634411,0.33028809163675255,1.428695669956294,2.1729659364800438,0.38893492495964044,,,,,,64,,,1.5,short,,,200.0,,,,14.0,96.0,0.1,0.1,0.15,,
rolling_sweep_reclaim,597c98397bfce77d460559d4,"{""atr_window"":21,""level_lookback"":96,""max_hold_bars"":64,""reclaim_atr"":0.0,""regime_ema"":200,""risk_reward"":1.5,""side"":""short"",""stop_atr"":0.1,""sweep_atr"":0.15}",22.0,13.0,9.0,22.0,0.184753101480429,0.515683062623461,0.3309299611430321,1.427136327246163,2.1790229769954497,0.3896616899562834,,,,,,64,,,1.5,short,,,200.0,,,,21.0,96.0,0.0,0.1,0.15,,
rolling_sweep_reclaim,d6954f2ffc1340b22b1365ef,"{""atr_window"":21,""level_lookback"":96,""max_hold_bars"":64,""reclaim_atr"":0.1,""regime_ema"":200,""risk_reward"":1.5,""side"":""short"",""stop_atr"":0.1,""sweep_atr"":0.15}",22.0,13.0,9.0,22.0,0.184753101480429,0.515683062623461,0.3309299611430321,1.427136327246163,2.1790229769954497,0.3896616899562834,,,,,,64,,,1.5,short,,,200.0,,,,21.0,96.0,0.1,0.1,0.15,,
rolling_sweep_reclaim,1559ab7190766c82f1ad17fb,"{""atr_window"":21,""level_lookback"":96,""max_hold_bars"":32,""reclaim_atr"":0.0,""regime_ema"":200,""risk_reward"":2.5,""side"":""short"",""stop_atr"":0.1,""sweep_atr"":0.0}",29.0,14.0,15.0,29.0,0.18006406606913206,0.5138423260748822,0.3337782600057501,1.3162629839339852,3.851034761831619,0.35903019591377516,,,,,,32,,,2.5,short,,,200.0,,,,21.0,96.0,0.0,0.1,0.0,,
rolling_sweep_reclaim,428d0b7c563745b35c9189f3,"{""atr_window"":21,""level_lookback"":96,""max_hold_bars"":32,""reclaim_atr"":0.1,""regime_ema"":200,""risk_reward"":2.5,""side"":""short"",""stop_atr"":0.1,""sweep_atr"":0.0}",29.0,14.0,15.0,29.0,0.18006406606913206,0.5138423260748822,0.3337782600057501,1.3162629839339852,3.851034761831619,0.35903019591377516,,,,,,32,,,2.5,short,,,200.0,,,,21.0,96.0,0.1,0.1,0.0,,
rolling_sweep_reclaim,b274d913da7fb1695a1cb609,"{""atr_window"":14,""level_lookback"":96,""max_hold_bars"":32,""reclaim_atr"":0.0,""regime_ema"":200,""risk_reward"":2.5,""side"":""short"",""stop_atr"":0.1,""sweep_atr"":0.0}",29.0,14.0,15.0,29.0,0.17990333873724096,0.5133091516377523,0.33340581290051147,1.3160049335759043,3.8502930682382703,0.35883619449653303,,,,,,32,,,2.5,short,,,200.0,,,,14.0,96.0,0.0,0.1,0.0,,
rolling_sweep_reclaim,0e82069c010e29868c07d2fa,"{""atr_window"":14,""level_lookback"":96,""max_hold_bars"":32,""reclaim_atr"":0.1,""regime_ema"":200,""risk_reward"":2.5,""side"":""short"",""stop_atr"":0.1,""sweep_atr"":0.0}",29.0,14.0,15.0,29.0,0.17990333873724096,0.5133091516377523,0.33340581290051147,1.3160049335759043,3.8502930682382703,0.35883619449653303,,,,,,32,,,2.5,short,,,200.0,,,,14.0,96.0,0.1,0.1,0.0,,
rolling_range_breakout,8ea849b12b5458c82862e779,"{""atr_stop_multiplier"":3.0,""atr_stop_window"":14,""atr_window"":21,""breakout_atr_buffer"":0.5,""lookback"":384,""max_hold_bars"":384,""regime_ema"":100,""risk_reward"":4.0,""side"":""long""}",181.0,49.0,132.0,181.0,0.178473674653414,0.28445286918647494,0.10597919453306101,1.222866917434601,14.056543161540302,0.10494039025181467,,,3.0,14.0,,384,,,4.0,long,,,100.0,,,,21.0,,,,,0.5,384.0
rolling_range_breakout,8d2c7f179db35997f7c1a968,"{""atr_stop_multiplier"":3.0,""atr_stop_window"":14,""atr_window"":21,""breakout_atr_buffer"":0.5,""lookback"":384,""max_hold_bars"":384,""regime_ema"":200,""risk_reward"":4.0,""side"":""long""}",181.0,49.0,132.0,181.0,0.178473674653414,0.28445286918647494,0.10597919453306101,1.222866917434601,14.056543161540302,0.10494039025181467,,,3.0,14.0,,384,,,4.0,long,,,200.0,,,,21.0,,,,,0.5,384.0
rolling_range_breakout,fe251e6d3cf846f4d6d7d4cd,"{""atr_stop_multiplier"":3.0,""atr_stop_window"":14,""atr_window"":14,""breakout_atr_buffer"":0.5,""lookback"":384,""max_hold_bars"":384,""regime_ema"":100,""risk_reward"":4.0,""side"":""long""}",177.0,48.0,129.0,177.0,0.17597276833396713,0.2819584241936114,0.10598565585964428,1.219971387414374,16.7154493309622,0.10526462904033607,,,3.0,14.0,,384,,,4.0,long,,,100.0,,,,14.0,,,,,0.5,384.0
rolling_range_breakout,3d4245abfa83b8f973df403b,"{""atr_stop_multiplier"":3.0,""atr_stop_window"":14,""atr_window"":14,""breakout_atr_buffer"":0.5,""lookback"":384,""max_hold_bars"":384,""regime_ema"":200,""risk_reward"":4.0,""side"":""long""}",177.0,48.0,129.0,177.0,0.17597276833396713,0.2819584241936114,0.10598565585964428,1.219971387414374,16.7154493309622,0.10526462904033607,,,3.0,14.0,,384,,,4.0,long,,,200.0,,,,14.0,,,,,0.5,384.0
rolling_range_breakout,8e1188c7846c81029f5acc45,"{""atr_stop_multiplier"":2.0,""atr_stop_window"":14,""atr_window"":14,""breakout_atr_buffer"":0.5,""lookback"":384,""max_hold_bars"":192,""regime_ema"":100,""risk_reward"":4.0,""side"":""long""}",214.0,59.0,155.0,214.0,0.17481681495481632,0.33249877350750495,0.15768195855268854,1.2103154647489596,18.739610938846074,0.15016042276469369,,,2.0,14.0,,192,,,4.0,long,,,100.0,,,,14.0,,,,,0.5,384.0
rolling_range_breakout,aff5a6638ad5dd600e1e4a8d,"{""atr_stop_multiplier"":2.0,""atr_stop_window"":14,""atr_window"":14,""breakout_atr_buffer"":0.5,""lookback"":384,""max_hold_bars"":192,""regime_ema"":200,""risk_reward"":4.0,""side"":""long""}",214.0,59.0,155.0,214.0,0.17481681495481632,0.33249877350750495,0.15768195855268854,1.2103154647489596,18.739610938846074,0.15016042276469369,,,2.0,14.0,,192,,,4.0,long,,,200.0,,,,14.0,,,,,0.5,384.0
rolling_range_breakout,6a8dcc5bc48896cb31f8cae5,"{""atr_stop_multiplier"":3.0,""atr_stop_window"":14,""atr_window"":14,""breakout_atr_buffer"":0.25,""lookback"":384,""max_hold_bars"":384,""regime_ema"":100,""risk_reward"":4.0,""side"":""long""}",195.0,52.0,143.0,195.0,0.1654272759382976,0.2716043648838259,0.10617708894552842,1.20581519420209,14.531210385935399,0.10629061937714528,,,3.0,14.0,,384,,,4.0,long,,,100.0,,,,14.0,,,,,0.25,384.0
rolling_range_breakout,252f0ae8c20caa824aa74da0,"{""atr_stop_multiplier"":3.0,""atr_stop_window"":14,""atr_window"":14,""breakout_atr_buffer"":0.25,""lookback"":384,""max_hold_bars"":384,""regime_ema"":200,""risk_reward"":4.0,""side"":""long""}",195.0,52.0,143.0,195.0,0.1654272759382976,0.2716043648838259,0.10617708894552842,1.20581519420209,14.531210385935399,0.10629061937714528,,,3.0,14.0,,384,,,4.0,long,,,200.0,,,,14.0,,,,,0.25,384.0
rolling_range_breakout,aee17b6a200b80be27e4a24c,"{""atr_stop_multiplier"":3.0,""atr_stop_window"":14,""atr_window"":21,""breakout_atr_buffer"":0.25,""lookback"":384,""max_hold_bars"":384,""regime_ema"":100,""risk_reward"":4.0,""side"":""long""}",195.0,52.0,143.0,195.0,0.16490674281955142,0.2716043648838259,0.10669762206427454,1.2050347923926812,14.524227626270601,0.10681170907876845,,,3.0,14.0,,384,,,4.0,long,,,100.0,,,,21.0,,,,,0.25,384.0
rolling_range_breakout,4e444dcbdf63ed0ddb566fd2,"{""atr_stop_multiplier"":3.0,""atr_stop_window"":14,""atr_window"":21,""breakout_atr_buffer"":0.25,""lookback"":384,""max_hold_bars"":384,""regime_ema"":200,""risk_reward"":4.0,""side"":""long""}",195.0,52.0,143.0,195.0,0.16490674281955142,0.2716043648838259,0.10669762206427454,1.2050347923926812,14.524227626270601,0.10681170907876845,,,3.0,14.0,,384,,,4.0,long,,,200.0,,,,21.0,,,,,0.25,384.0
rolling_range_breakout,a19116508d2f88483d46c643,"{""atr_stop_multiplier"":2.0,""atr_stop_window"":14,""atr_window"":21,""breakout_atr_buffer"":0.5,""lookback"":384,""max_hold_bars"":384,""regime_ema"":100,""risk_reward"":4.0,""side"":""long""}",216.0,57.0,159.0,216.0,0.16488894295350642,0.3219508201144812,0.15706187716097467,1.1945464949819875,20.98203036588381,0.14879546257355494,,,2.0,14.0,,384,,,4.0,long,,,100.0,,,,21.0,,,,,0.5,384.0
rolling_range_breakout,da06b5f9392959e33c0fb57f,"{""atr_stop_multiplier"":2.0,""atr_stop_window"":14,""atr_window"":21,""breakout_atr_buffer"":0.5,""lookback"":384,""max_hold_bars"":384,""regime_ema"":200,""risk_reward"":4.0,""side"":""long""}",216.0,57.0,159.0,216.0,0.16488894295350642,0.3219508201144812,0.15706187716097467,1.1945464949819875,20.98203036588381,0.14879546257355494,,,2.0,14.0,,384,,,4.0,long,,,200.0,,,,21.0,,,,,0.5,384.0
rolling_sweep_reclaim,03c86108cfbaa4e503775aef,"{""atr_window"":14,""level_lookback"":96,""max_hold_bars"":64,""reclaim_atr"":0.0,""regime_ema"":200,""risk_reward"":1.5,""side"":""short"",""stop_atr"":0.1,""sweep_atr"":0.0}",29.0,17.0,12.0,29.0,0.16123006639914972,0.49464894144679483,0.3334188750476451,1.3435449084269275,4.440941940174275,0.39173850518385556,,,,,,64,,,1.5,short,,,200.0,,,,14.0,96.0,0.0,0.1,0.0,,
rolling_sweep_reclaim,1159f9f75689b2bcd261b3dd,"{""atr_window"":14,""level_lookback"":96,""max_hold_bars"":64,""reclaim_atr"":0.1,""regime_ema"":200,""risk_reward"":1.5,""side"":""short"",""stop_atr"":0.1,""sweep_atr"":0.0}",29.0,17.0,12.0,29.0,0.16123006639914972,0.49464894144679483,0.3334188750476451,1.3435449084269275,4.440941940174275,0.39173850518385556,,,,,,64,,,1.5,short,,,200.0,,,,14.0,96.0,0.1,0.1,0.0,,
rolling_sweep_reclaim,ae4a043b9aaa99de70b8dc51,"{""atr_window"":21,""level_lookback"":96,""max_hold_bars"":64,""reclaim_atr"":0.0,""regime_ema"":200,""risk_reward"":1.5,""side"":""short"",""stop_atr"":0.1,""sweep_atr"":0.0}",29.0,17.0,12.0,29.0,0.16086442612049942,0.494656116472971,0.33379169035247147,1.3426389870029336,4.4488865960093325,0.3921543818443195,,,,,,64,,,1.5,short,,,200.0,,,,21.0,96.0,0.0,0.1,0.0,,
rolling_sweep_reclaim,11364d27a3a2c85dc6376022,"{""atr_window"":21,""level_lookback"":96,""max_hold_bars"":64,""reclaim_atr"":0.1,""regime_ema"":200,""risk_reward"":1.5,""side"":""short"",""stop_atr"":0.1,""sweep_atr"":0.0}",29.0,17.0,12.0,29.0,0.16086442612049942,0.494656116472971,0.33379169035247147,1.3426389870029336,4.4488865960093325,0.3921543818443195,,,,,,64,,,1.5,short,,,200.0,,,,21.0,96.0,0.1,0.1,0.0,,
rolling_range_breakout,6a05e48a6c37b4f3e73bf545,"{""atr_stop_multiplier"":2.0,""atr_stop_window"":14,""atr_window"":21,""breakout_atr_buffer"":0.25,""lookback"":384,""max_hold_bars"":192,""regime_ema"":100,""risk_reward"":4.0,""side"":""long""}",242.0,66.0,176.0,242.0,0.1593812324771566,0.31752886875357467,0.15814763627641812,1.1904386358372923,18.287889964005274,0.1522304578735086,,,2.0,14.0,,192,,,4.0,long,,,100.0,,,,21.0,,,,,0.25,384.0
rolling_range_breakout,f6df3143ce5150a604df1aee,"{""atr_stop_multiplier"":2.0,""atr_stop_window"":14,""atr_window"":21,""breakout_atr_buffer"":0.25,""lookback"":384,""max_hold_bars"":192,""regime_ema"":200,""risk_reward"":4.0,""side"":""long""}",242.0,66.0,176.0,242.0,0.1593812324771566,0.31752886875357467,0.15814763627641812,1.1904386358372923,18.287889964005274,0.1522304578735086,,,2.0,14.0,,192,,,4.0,long,,,200.0,,,,21.0,,,,,0.25,384.0
rolling_range_breakout,39671e7338ec805a2202a2b4,"{""atr_stop_multiplier"":2.0,""atr_stop_window"":14,""atr_window"":14,""breakout_atr_buffer"":0.25,""lookback"":384,""max_hold_bars"":96,""regime_ema"":100,""risk_reward"":4.0,""side"":""long""}",246.0,78.0,168.0,246.0,0.15807752458273908,0.31646357613880827,0.15838605155606927,1.2012113975647005,17.017290344042507,0.1595784405412569,,,2.0,14.0,,96,,,4.0,long,,,100.0,,,,14.0,,,,,0.25,384.0
rolling_range_breakout,89c01e807b9c358842276302,"{""atr_stop_multiplier"":2.0,""atr_stop_window"":14,""atr_window"":14,""breakout_atr_buffer"":0.25,""lookback"":384,""max_hold_bars"":96,""regime_ema"":200,""risk_reward"":4.0,""side"":""long""}",246.0,78.0,168.0,246.0,0.15807752458273908,0.31646357613880827,0.15838605155606927,1.2012113975647005,17.017290344042507,0.1595784405412569,,,2.0,14.0,,96,,,4.0,long,,,200.0,,,,14.0,,,,,0.25,384.0
rolling_sweep_reclaim,867d24f8d57c8301eb134f6b,"{""atr_window"":14,""level_lookback"":96,""max_hold_bars"":64,""reclaim_atr"":0.0,""regime_ema"":200,""risk_reward"":2.0,""side"":""short"",""stop_atr"":0.25,""sweep_atr"":0.15}",22.0,11.0,11.0,22.0,0.15352511423111068,0.4577311370584333,0.30420602282732273,1.289974731128394,4.9623513153379175,0.3637665435633934,,,,,,64,,,2.0,short,,,200.0,,,,14.0,96.0,0.0,0.25,0.15,,
rolling_sweep_reclaim,583ed1db5872dd1467519936,"{""atr_window"":14,""level_lookback"":96,""max_hold_bars"":64,""reclaim_atr"":0.1,""regime_ema"":200,""risk_reward"":2.0,""side"":""short"",""stop_atr"":0.25,""sweep_atr"":0.15}",22.0,11.0,11.0,22.0,0.15352511423111068,0.4577311370584333,0.30420602282732273,1.289974731128394,4.9623513153379175,0.3637665435633934,,,,,,64,,,2.0,short,,,200.0,,,,14.0,96.0,0.1,0.25,0.15,,
rolling_sweep_reclaim,4984d67501a6f01a80f4ce01,"{""atr_window"":21,""level_lookback"":96,""max_hold_bars"":64,""reclaim_atr"":0.0,""regime_ema"":200,""risk_reward"":2.0,""side"":""short"",""stop_atr"":0.25,""sweep_atr"":0.15}",22.0,11.0,11.0,22.0,0.15258713267487697,0.4581490059506966,0.3055618732758196,1.287841663670433,4.969669274049262,0.3651495926139617,,,,,,64,,,2.0,short,,,200.0,,,,21.0,96.0,0.0,0.25,0.15,,
rolling_sweep_reclaim,f89dac6c75418403bee570cf,"{""atr_window"":21,""level_lookback"":96,""max_hold_bars"":64,""reclaim_atr"":0.1,""regime_ema"":200,""risk_reward"":2.0,""side"":""short"",""stop_atr"":0.25,""sweep_atr"":0.15}",22.0,11.0,11.0,22.0,0.15258713267487697,0.4581490059506966,0.3055618732758196,1.287841663670433,4.969669274049262,0.3651495926139617,,,,,,64,,,2.0,short,,,200.0,,,,21.0,96.0,0.1,0.25,0.15,,
rolling_range_breakout,c57fc0bda4793375b4c04d29,"{""atr_stop_multiplier"":3.0,""atr_stop_window"":14,""atr_window"":14,""breakout_atr_buffer"":0.5,""lookback"":384,""max_hold_bars"":96,""regime_ema"":100,""risk_reward"":4.0,""side"":""long""}",194.0,70.0,124.0,194.0,0.15191253222869827,0.2587354933838906,0.10682296115519235,1.228028250039524,14.765959108419187,0.1244829581786764,,,3.0,14.0,,96,,,4.0,long,,,100.0,,,,14.0,,,,,0.5,384.0
rolling_range_breakout,79f0ff8fe63ae31b84ab3c5b,"{""atr_stop_multiplier"":3.0,""atr_stop_window"":14,""atr_window"":14,""breakout_atr_buffer"":0.5,""lookback"":384,""max_hold_bars"":96,""regime_ema"":200,""risk_reward"":4.0,""side"":""long""}",194.0,70.0,124.0,194.0,0.15191253222869827,0.2587354933838906,0.10682296115519235,1.228028250039524,14.765959108419187,0.1244829581786764,,,3.0,14.0,,96,,,4.0,long,,,200.0,,,,14.0,,,,,0.5,384.0
rolling_range_breakout,496b792a902e6b8915169e2a,"{""atr_stop_multiplier"":2.0,""atr_stop_window"":14,""atr_window"":14,""breakout_atr_buffer"":0.25,""lookback"":384,""max_hold_bars"":192,""regime_ema"":100,""risk_reward"":4.0,""side"":""long""}",240.0,65.0,175.0,240.0,0.14971919386694826,0.30767494265985446,0.15795574879290628,1.1785525022591588,17.017290344042504,0.15322709116292993,,,2.0,14.0,,192,,,4.0,long,,,100.0,,,,14.0,,,,,0.25,384.0
rolling_range_breakout,c14e7a7ff0508a3a4d92a5e2,"{""atr_stop_multiplier"":2.0,""atr_stop_window"":14,""atr_window"":14,""breakout_atr_buffer"":0.25,""lookback"":384,""max_hold_bars"":192,""regime_ema"":200,""risk_reward"":4.0,""side"":""long""}",240.0,65.0,175.0,240.0,0.14971919386694826,0.30767494265985446,0.15795574879290628,1.1785525022591588,17.017290344042504,0.15322709116292993,,,2.0,14.0,,192,,,4.0,long,,,200.0,,,,14.0,,,,,0.25,384.0
rolling_sweep_reclaim,f8d8469567511f4659ec135f,"{""atr_window"":21,""level_lookback"":96,""max_hold_bars"":16,""reclaim_atr"":0.0,""regime_ema"":200,""risk_reward"":2.5,""side"":""short"",""stop_atr"":0.1,""sweep_atr"":0.15}",22.0,11.0,11.0,22.0,0.14866507864500292,0.4796202837332581,0.33095520508825516,1.3587182731087897,2.5730220054658,0.4272292318197644,,,,,,16,,,2.5,short,,,200.0,,,,21.0,96.0,0.0,0.1,0.15,,
rolling_sweep_reclaim,f2c4fc0f9d6753552bac1280,"{""atr_window"":21,""level_lookback"":96,""max_hold_bars"":16,""reclaim_atr"":0.1,""regime_ema"":200,""risk_reward"":2.5,""side"":""short"",""stop_atr"":0.1,""sweep_atr"":0.15}",22.0,11.0,11.0,22.0,0.14866507864500292,0.4796202837332581,0.33095520508825516,1.3587182731087897,2.5730220054658,0.4272292318197644,,,,,,16,,,2.5,short,,,200.0,,,,21.0,96.0,0.1,0.1,0.15,,
rolling_range_breakout,023bf437fa1a26bebfc8754c,"{""atr_stop_multiplier"":4.0,""atr_stop_window"":14,""atr_window"":14,""breakout_atr_buffer"":0.25,""lookback"":384,""max_hold_bars"":384,""regime_ema"":100,""risk_reward"":4.0,""side"":""long""}",171.0,49.0,122.0,171.0,0.1484576604676882,0.2285153046049437,0.08005764413725534,1.195850727056135,15.38449163836508,0.08600242086393525,,,4.0,14.0,,384,,,4.0,long,,,100.0,,,,14.0,,,,,0.25,384.0
rolling_range_breakout,9cc9a3da5a88266062fabea3,"{""atr_stop_multiplier"":4.0,""atr_stop_window"":14,""atr_window"":14,""breakout_atr_buffer"":0.25,""lookback"":384,""max_hold_bars"":384,""regime_ema"":200,""risk_reward"":4.0,""side"":""long""}",171.0,49.0,122.0,171.0,0.1484576604676882,0.2285153046049437,0.08005764413725534,1.195850727056135,15.38449163836508,0.08600242086393525,,,4.0,14.0,,384,,,4.0,long,,,200.0,,,,14.0,,,,,0.25,384.0
rolling_sweep_reclaim,a608f6b755d18b16e44ce5f6,"{""atr_window"":14,""level_lookback"":96,""max_hold_bars"":16,""reclaim_atr"":0.0,""regime_ema"":200,""risk_reward"":2.5,""side"":""short"",""stop_atr"":0.1,""sweep_atr"":0.15}",22.0,11.0,11.0,22.0,0.14824189231132506,0.47855596629491526,0.33031407398359014,1.3577398129489158,2.571654258659058,0.42699990045631653,,,,,,16,,,2.5,short,,,200.0,,,,14.0,96.0,0.0,0.1,0.15,,
rolling_sweep_reclaim,5eb82a9a2fc3f59d5e116a6c,"{""atr_window"":14,""level_lookback"":96,""max_hold_bars"":16,""reclaim_atr"":0.1,""regime_ema"":200,""risk_reward"":2.5,""side"":""short"",""stop_atr"":0.1,""sweep_atr"":0.15}",22.0,11.0,11.0,22.0,0.14824189231132506,0.47855596629491526,0.33031407398359014,1.3577398129489158,2.571654258659058,0.42699990045631653,,,,,,16,,,2.5,short,,,200.0,,,,14.0,96.0,0.1,0.1,0.15,,
rolling_range_breakout,878cb14307fd106e3d48504c,"{""atr_stop_multiplier"":4.0,""atr_stop_window"":14,""atr_window"":14,""breakout_atr_buffer"":0.0,""lookback"":384,""max_hold_bars"":384,""regime_ema"":100,""risk_reward"":3.0,""side"":""long""}",197.0,64.0,133.0,197.0,0.14648727789291713,0.22609983668727157,0.07961255879435439,1.2047417053086742,18.8260403359685,0.08952831759798537,,,4.0,14.0,,384,,,3.0,long,,,100.0,,,,14.0,,,,,0.0,384.0
rolling_range_breakout,fb539e06d42a7aeee90bb84c,"{""atr_stop_multiplier"":4.0,""atr_stop_window"":14,""atr_window"":14,""breakout_atr_buffer"":0.0,""lookback"":384,""max_hold_bars"":384,""regime_ema"":200,""risk_reward"":3.0,""side"":""long""}",197.0,64.0,133.0,197.0,0.14648727789291713,0.22609983668727157,0.07961255879435439,1.2047417053086742,18.8260403359685,0.08952831759798537,,,4.0,14.0,,384,,,3.0,long,,,200.0,,,,14.0,,,,,0.0,384.0
rolling_range_breakout,372fe8fe7636b429154e571a,"{""atr_stop_multiplier"":4.0,""atr_stop_window"":14,""atr_window"":21,""breakout_atr_buffer"":0.0,""lookback"":384,""max_hold_bars"":384,""regime_ema"":100,""risk_reward"":3.0,""side"":""long""}",197.0,64.0,133.0,197.0,0.14648727789291713,0.22609983668727157,0.07961255879435439,1.2047417053086742,18.8260403359685,0.08952831759798537,,,4.0,14.0,,384,,,3.0,long,,,100.0,,,,21.0,,,,,0.0,384.0
rolling_range_breakout,bebfe87957f24a9e4aed5191,"{""atr_stop_multiplier"":4.0,""atr_stop_window"":14,""atr_window"":21,""breakout_atr_buffer"":0.0,""lookback"":384,""max_hold_bars"":384,""regime_ema"":200,""risk_reward"":3.0,""side"":""long""}",197.0,64.0,133.0,197.0,0.14648727789291713,0.22609983668727157,0.07961255879435439,1.2047417053086742,18.8260403359685,0.08952831759798537,,,4.0,14.0,,384,,,3.0,long,,,200.0,,,,21.0,,,,,0.0,384.0
rolling_sweep_reclaim,313c3b21d28087223ff2ac89,"{""atr_window"":14,""level_lookback"":96,""max_hold_bars"":32,""reclaim_atr"":0.0,""regime_ema"":200,""risk_reward"":1.5,""side"":""short"",""stop_atr"":0.25,""sweep_atr"":0.0}",28.0,16.0,12.0,28.0,0.14504079382375826,0.45331426446613593,0.30827347064237776,1.33365359526036,3.903176397512191,0.3968633562322675,,,,,,32,,,1.5,short,,,200.0,,,,14.0,96.0,0.0,0.25,0.0,,
rolling_sweep_reclaim,14bc0caebd5b153616ef6c2f,"{""atr_window"":14,""level_lookback"":96,""max_hold_bars"":32,""reclaim_atr"":0.1,""regime_ema"":200,""risk_reward"":1.5,""side"":""short"",""stop_atr"":0.25,""sweep_atr"":0.0}",28.0,16.0,12.0,28.0,0.14504079382375826,0.45331426446613593,0.30827347064237776,1.33365359526036,3.903176397512191,0.3968633562322675,,,,,,32,,,1.5,short,,,200.0,,,,14.0,96.0,0.1,0.25,0.0,,
rolling_range_breakout,830107e0e57976934848f5f6,"{""atr_stop_multiplier"":4.0,""atr_stop_window"":14,""atr_window"":14,""breakout_atr_buffer"":0.0,""lookback"":384,""max_hold_bars"":192,""regime_ema"":100,""risk_reward"":3.0,""side"":""long""}",210.0,78.0,132.0,210.0,0.1449917845578644,0.22458708408366418,0.07959529952579975,1.2288879071562389,14.339563509758753,0.09841418431214727,,,4.0,14.0,,192,,,3.0,long,,,100.0,,,,14.0,,,,,0.0,384.0
rolling_range_breakout,d761a2a4c9b9633e2ed97c1f,"{""atr_stop_multiplier"":4.0,""atr_stop_window"":14,""atr_window"":14,""breakout_atr_buffer"":0.0,""lookback"":384,""max_hold_bars"":192,""regime_ema"":200,""risk_reward"":3.0,""side"":""long""}",210.0,78.0,132.0,210.0,0.1449917845578644,0.22458708408366418,0.07959529952579975,1.2288879071562389,14.339563509758753,0.09841418431214727,,,4.0,14.0,,192,,,3.0,long,,,200.0,,,,14.0,,,,,0.0,384.0
rolling_range_breakout,de75073fbbf51a1e91ae67ed,"{""atr_stop_multiplier"":4.0,""atr_stop_window"":14,""atr_window"":21,""breakout_atr_buffer"":0.0,""lookback"":384,""max_hold_bars"":192,""regime_ema"":100,""risk_reward"":3.0,""side"":""long""}",210.0,78.0,132.0,210.0,0.1449917845578644,0.22458708408366418,0.07959529952579975,1.2288879071562389,14.339563509758753,0.09841418431214727,,,4.0,14.0,,192,,,3.0,long,,,100.0,,,,21.0,,,,,0.0,384.0
rolling_range_breakout,5bff1b1e28faf34c8ced62e7,"{""atr_stop_multiplier"":4.0,""atr_stop_window"":14,""atr_window"":21,""breakout_atr_buffer"":0.0,""lookback"":384,""max_hold_bars"":192,""regime_ema"":200,""risk_reward"":3.0,""side"":""long""}",210.0,78.0,132.0,210.0,0.1449917845578644,0.22458708408366418,0.07959529952579975,1.2288879071562389,14.339563509758753,0.09841418431214727,,,4.0,14.0,,192,,,3.0,long,,,200.0,,,,21.0,,,,,0.0,384.0
rolling_sweep_reclaim,eeaa760a835d1c3bc436222a,"{""atr_window"":21,""level_lookback"":96,""max_hold_bars"":32,""reclaim_atr"":0.0,""regime_ema"":200,""risk_reward"":1.5,""side"":""short"",""stop_atr"":0.25,""sweep_atr"":0.0}",28.0,16.0,12.0,28.0,0.14465564444616746,0.4538617341920545,0.3092060897458871,1.3324077805244774,3.907362169148036,0.3977809719919228,,,,,,32,,,1.5,short,,,200.0,,,,21.0,96.0,0.0,0.25,0.0,,
rolling_sweep_reclaim,47a52570fa32bb328818dbd9,"{""atr_window"":21,""level_lookback"":96,""max_hold_bars"":32,""reclaim_atr"":0.1,""regime_ema"":200,""risk_reward"":1.5,""side"":""short"",""stop_atr"":0.25,""sweep_atr"":0.0}",28.0,16.0,12.0,28.0,0.14465564444616746,0.4538617341920545,0.3092060897458871,1.3324077805244774,3.907362169148036,0.3977809719919228,,,,,,32,,,1.5,short,,,200.0,,,,21.0,96.0,0.1,0.25,0.0,,
rolling_range_breakout,28b517e2eade3e03176fce52,"{""atr_stop_multiplier"":4.0,""atr_stop_window"":14,""atr_window"":14,""breakout_atr_buffer"":0.5,""lookback"":384,""max_hold_bars"":192,""regime_ema"":100,""risk_reward"":4.0,""side"":""long""}",171.0,61.0,110.0,171.0,0.14392657240954293,0.22500664085956854,0.08108006845002558,1.2235338415111117,11.536588855031354,0.09918173660191423,,,4.0,14.0,,192,,,4.0,long,,,100.0,,,,14.0,,,,,0.5,384.0
rolling_range_breakout,c18f72e20d48234d85a6f695,"{""atr_stop_multiplier"":4.0,""atr_stop_window"":14,""atr_window"":14,""breakout_atr_buffer"":0.5,""lookback"":384,""max_hold_bars"":192,""regime_ema"":200,""risk_reward"":4.0,""side"":""long""}",171.0,61.0,110.0,171.0,0.14392657240954293,0.22500664085956854,0.08108006845002558,1.2235338415111117,11.536588855031354,0.09918173660191423,,,4.0,14.0,,192,,,4.0,long,,,200.0,,,,14.0,,,,,0.5,384.0
rolling_range_breakout,170a6c912ebabe241c0b2913,"{""atr_stop_multiplier"":2.0,""atr_stop_window"":14,""atr_window"":21,""breakout_atr_buffer"":0.25,""lookback"":384,""max_hold_bars"":96,""regime_ema"":100,""risk_reward"":4.0,""side"":""long""}",249.0,77.0,172.0,249.0,0.1436308722520181,0.3021825866444255,0.15855171439240745,1.180248100818399,18.287889964005274,0.16051378779096273,,,2.0,14.0,,96,,,4.0,long,,,100.0,,,,21.0,,,,,0.25,384.0
rolling_range_breakout,72aec8847fc60ff1208f241e,"{""atr_stop_multiplier"":2.0,""atr_stop_window"":14,""atr_window"":21,""breakout_atr_buffer"":0.25,""lookback"":384,""max_hold_bars"":96,""regime_ema"":200,""risk_reward"":4.0,""side"":""long""}",249.0,77.0,172.0,249.0,0.1436308722520181,0.3021825866444255,0.15855171439240745,1.180248100818399,18.287889964005274,0.16051378779096273,,,2.0,14.0,,96,,,4.0,long,,,200.0,,,,21.0,,,,,0.25,384.0
rolling_range_breakout,e91e36cf7877084e8a7e401b,"{""atr_stop_multiplier"":2.0,""atr_stop_window"":14,""atr_window"":14,""breakout_atr_buffer"":0.5,""lookback"":384,""max_hold_bars"":384,""regime_ema"":100,""risk_reward"":4.0,""side"":""long""}",212.0,55.0,157.0,212.0,0.14196610489830883,0.29972347709777325,0.1577573721994643,1.166423221496159,20.98203036588381,0.15202074048312017,,,2.0,14.0,,384,,,4.0,long,,,100.0,,,,14.0,,,,,0.5,384.0
rolling_range_breakout,57e7c3478f64b9be52799ca7,"{""atr_stop_multiplier"":2.0,""atr_stop_window"":14,""atr_window"":14,""breakout_atr_buffer"":0.5,""lookback"":384,""max_hold_bars"":384,""regime_ema"":200,""risk_reward"":4.0,""side"":""long""}",212.0,55.0,157.0,212.0,0.14196610489830883,0.29972347709777325,0.1577573721994643,1.166423221496159,20.98203036588381,0.15202074048312017,,,2.0,14.0,,384,,,4.0,long,,,200.0,,,,14.0,,,,,0.5,384.0
rolling_range_breakout,8a25eadc03790df95b816bb5,"{""atr_stop_multiplier"":2.0,""atr_stop_window"":14,""atr_window"":21,""breakout_atr_buffer"":0.25,""lookback"":384,""max_hold_bars"":384,""regime_ema"":100,""risk_reward"":4.0,""side"":""long""}",239.0,62.0,177.0,239.0,0.14172595874063876,0.29933630604488676,0.1576103473042481,1.165801364281366,18.287889964005267,0.15189061695852943,,,2.0,14.0,,384,,,4.0,long,,,100.0,,,,21.0,,,,,0.25,384.0
rolling_range_breakout,9659de2bb850633c45adb3ee,"{""atr_stop_multiplier"":2.0,""atr_stop_window"":14,""atr_window"":21,""breakout_atr_buffer"":0.25,""lookback"":384,""max_hold_bars"":384,""regime_ema"":200,""risk_reward"":4.0,""side"":""long""}",239.0,62.0,177.0,239.0,0.14172595874063876,0.29933630604488676,0.1576103473042481,1.165801364281366,18.287889964005267,0.15189061695852943,,,2.0,14.0,,384,,,4.0,long,,,200.0,,,,21.0,,,,,0.25,384.0
rolling_range_breakout,a76e9fb51526626885376538,"{""atr_stop_multiplier"":4.0,""atr_stop_window"":14,""atr_window"":21,""breakout_atr_buffer"":0.25,""lookback"":384,""max_hold_bars"":384,""regime_ema"":100,""risk_reward"":4.0,""side"":""long""}",172.0,49.0,123.0,172.0,0.1410264372078018,0.2213727737642173,0.0803463365564154,1.1855182904182644,15.38449163836508,0.08681730224339329,,,4.0,14.0,,384,,,4.0,long,,,100.0,,,,21.0,,,,,0.25,384.0
rolling_range_breakout,8c627b4178ac5f2f51b5025c,"{""atr_stop_multiplier"":4.0,""atr_stop_window"":14,""atr_window"":21,""breakout_atr_buffer"":0.25,""lookback"":384,""max_hold_bars"":384,""regime_ema"":200,""risk_reward"":4.0,""side"":""long""}",172.0,49.0,123.0,172.0,0.1410264372078018,0.2213727737642173,0.0803463365564154,1.1855182904182644,15.38449163836508,0.08681730224339329,,,4.0,14.0,,384,,,4.0,long,,,200.0,,,,21.0,,,,,0.25,384.0
rolling_range_breakout,8e2feb615e00edbe2e274491,"{""atr_stop_multiplier"":3.0,""atr_stop_window"":14,""atr_window"":21,""breakout_atr_buffer"":0.5,""lookback"":384,""max_hold_bars"":96,""regime_ema"":100,""risk_reward"":4.0,""side"":""long""}",199.0,72.0,127.0,199.0,0.14048124480156385,0.24714377422980438,0.10666252942824055,1.2092191925666336,14.765959108419187,0.1252522483898616,,,3.0,14.0,,96,,,4.0,long,,,100.0,,,,21.0,,,,,0.5,384.0
rolling_range_breakout,c494783041627fd2a34f09c6,"{""atr_stop_multiplier"":3.0,""atr_stop_window"":14,""atr_window"":21,""breakout_atr_buffer"":0.5,""lookback"":384,""max_hold_bars"":96,""regime_ema"":200,""risk_reward"":4.0,""side"":""long""}",199.0,72.0,127.0,199.0,0.14048124480156385,0.24714377422980438,0.10666252942824055,1.2092191925666336,14.765959108419187,0.1252522483898616,,,3.0,14.0,,96,,,4.0,long,,,200.0,,,,21.0,,,,,0.5,384.0
rolling_range_breakout,dfd94392e200be2a0da8264c,"{""atr_stop_multiplier"":4.0,""atr_stop_window"":14,""atr_window"":14,""breakout_atr_buffer"":0.25,""lookback"":384,""max_hold_bars"":384,""regime_ema"":100,""risk_reward"":3.0,""side"":""long""}",184.0,60.0,124.0,184.0,0.13865837652603516,0.21844749590480025,0.07978911937876502,1.1935089993326953,15.144412445932282,0.09045820959204412,,,4.0,14.0,,384,,,3.0,long,,,100.0,,,,14.0,,,,,0.25,384.0
rolling_range_breakout,af2fdf34bd377733dfe0d0d9,"{""atr_stop_multiplier"":4.0,""atr_stop_window"":14,""atr_window"":14,""breakout_atr_buffer"":0.25,""lookback"":384,""max_hold_bars"":384,""regime_ema"":200,""risk_reward"":3.0,""side"":""long""}",184.0,60.0,124.0,184.0,0.13865837652603516,0.21844749590480025,0.07978911937876502,1.1935089993326953,15.144412445932282,0.09045820959204412,,,4.0,14.0,,384,,,3.0,long,,,200.0,,,,14.0,,,,,0.25,384.0
rolling_range_breakout,90b5b6e521e5d18b17ef072b,"{""atr_stop_multiplier"":3.0,""atr_stop_window"":14,""atr_window"":14,""breakout_atr_buffer"":0.25,""lookback"":384,""max_hold_bars"":96,""regime_ema"":100,""risk_reward"":4.0,""side"":""long""}",218.0,81.0,137.0,218.0,0.13739937370481914,0.2443912086241519,0.10699183491933278,1.2069984971618366,12.838304473715388,0.1271829313399237,,,3.0,14.0,,96,,,4.0,long,,,100.0,,,,14.0,,,,,0.25,384.0
rolling_range_breakout,ce32222984a6edc0bd2cea0b,"{""atr_stop_multiplier"":3.0,""atr_stop_window"":14,""atr_window"":14,""breakout_atr_buffer"":0.25,""lookback"":384,""max_hold_bars"":96,""regime_ema"":200,""risk_reward"":4.0,""side"":""long""}",218.0,81.0,137.0,218.0,0.13739937370481914,0.2443912086241519,0.10699183491933278,1.2069984971618366,12.838304473715388,0.1271829313399237,,,3.0,14.0,,96,,,4.0,long,,,200.0,,,,14.0,,,,,0.25,384.0
rolling_range_breakout,1705a2793086747e63ac08ae,"{""atr_stop_multiplier"":4.0,""atr_stop_window"":14,""atr_window"":14,""breakout_atr_buffer"":0.0,""lookback"":384,""max_hold_bars"":384,""regime_ema"":100,""risk_reward"":4.0,""side"":""long""}",183.0,53.0,130.0,183.0,0.13689727242713137,0.21606706594072522,0.07916979351359377,1.1819395680107434,17.203563421714122,0.0866616400918308,,,4.0,14.0,,384,,,4.0,long,,,100.0,,,,14.0,,,,,0.0,384.0
rolling_range_breakout,89645a1939a0bc18a1868e2a,"{""atr_stop_multiplier"":4.0,""atr_stop_window"":14,""atr_window"":14,""breakout_atr_buffer"":0.0,""lookback"":384,""max_hold_bars"":384,""regime_ema"":200,""risk_reward"":4.0,""side"":""long""}",183.0,53.0,130.0,183.0,0.13689727242713137,0.21606706594072522,0.07916979351359377,1.1819395680107434,17.203563421714122,0.0866616400918308,,,4.0,14.0,,384,,,4.0,long,,,200.0,,,,14.0,,,,,0.0,384.0
rolling_range_breakout,695aaeb1b9eec092782b3b41,"{""atr_stop_multiplier"":4.0,""atr_stop_window"":14,""atr_window"":21,""breakout_atr_buffer"":0.0,""lookback"":384,""max_hold_bars"":384,""regime_ema"":100,""risk_reward"":4.0,""side"":""long""}",183.0,53.0,130.0,183.0,0.13689727242713137,0.21606706594072522,0.07916979351359377,1.1819395680107434,17.203563421714122,0.0866616400918308,,,4.0,14.0,,384,,,4.0,long,,,100.0,,,,21.0,,,,,0.0,384.0
rolling_range_breakout,2d38c4c7aa7ad7ffe7d81065,"{""atr_stop_multiplier"":4.0,""atr_stop_window"":14,""atr_window"":21,""breakout_atr_buffer"":0.0,""lookback"":384,""max_hold_bars"":384,""regime_ema"":200,""risk_reward"":4.0,""side"":""long""}",183.0,53.0,130.0,183.0,0.13689727242713137,0.21606706594072522,0.07916979351359377,1.1819395680107434,17.203563421714122,0.0866616400918308,,,4.0,14.0,,384,,,4.0,long,,,200.0,,,,21.0,,,,,0.0,384.0
rolling_sweep_reclaim,4a0f6f097df76637924011fa,"{""atr_window"":14,""level_lookback"":96,""max_hold_bars"":32,""reclaim_atr"":0.0,""regime_ema"":200,""risk_reward"":2.0,""side"":""short"",""stop_atr"":0.1,""sweep_atr"":0.15}",22.0,11.0,11.0,22.0,0.13677406895920718,0.46709616480384103,0.33032209584463385,1.2705372235043084,3.8502930682382703,0.39635161446364614,,,,,,32,,,2.0,short,,,200.0,,,,14.0,96.0,0.0,0.1,0.15,,
rolling_sweep_reclaim,00fbb86985c391f3f3a8c3f5,"{""atr_window"":14,""level_lookback"":96,""max_hold_bars"":32,""reclaim_atr"":0.1,""regime_ema"":200,""risk_reward"":2.0,""side"":""short"",""stop_atr"":0.1,""sweep_atr"":0.15}",22.0,11.0,11.0,22.0,0.13677406895920718,0.46709616480384103,0.33032209584463385,1.2705372235043084,3.8502930682382703,0.39635161446364614,,,,,,32,,,2.0,short,,,200.0,,,,14.0,96.0,0.1,0.1,0.15,,
rolling_sweep_reclaim,ec91cdf04a19f91bcbee11aa,"{""atr_window"":21,""level_lookback"":96,""max_hold_bars"":32,""reclaim_atr"":0.0,""regime_ema"":200,""risk_reward"":2.0,""side"":""short"",""stop_atr"":0.1,""sweep_atr"":0.15}",22.0,11.0,11.0,22.0,0.13643077856660796,0.4673945416743045,0.3309637631076965,1.2698210676366999,3.851034761831619,0.396978076727652,,,,,,32,,,2.0,short,,,200.0,,,,21.0,96.0,0.0,0.1,0.15,,
rolling_sweep_reclaim,65f79928b16d292015d4bf27,"{""atr_window"":21,""level_lookback"":96,""max_hold_bars"":32,""reclaim_atr"":0.1,""regime_ema"":200,""risk_reward"":2.0,""side"":""short"",""stop_atr"":0.1,""sweep_atr"":0.15}",22.0,11.0,11.0,22.0,0.13643077856660796,0.4673945416743045,0.3309637631076965,1.2698210676366999,3.851034761831619,0.396978076727652,,,,,,32,,,2.0,short,,,200.0,,,,21.0,96.0,0.1,0.1,0.15,,
rolling_range_breakout,656b27fa4ea1c2e10eed446f,"{""atr_stop_multiplier"":4.0,""atr_stop_window"":14,""atr_window"":21,""breakout_atr_buffer"":0.5,""lookback"":384,""max_hold_bars"":192,""regime_ema"":100,""risk_reward"":4.0,""side"":""long""}",175.0,62.0,113.0,175.0,0.13517330194947905,0.21627969542337414,0.08110639347389507,1.2086506056541169,11.536588855031354,0.09984004601580503,,,4.0,14.0,,192,,,4.0,long,,,100.0,,,,21.0,,,,,0.5,384.0
rolling_range_breakout,2ca39d7252de0a4082448fd5,"{""atr_stop_multiplier"":4.0,""atr_stop_window"":14,""atr_window"":21,""breakout_atr_buffer"":0.5,""lookback"":384,""max_hold_bars"":192,""regime_ema"":200,""risk_reward"":4.0,""side"":""long""}",175.0,62.0,113.0,175.0,0.13517330194947905,0.21627969542337414,0.08110639347389507,1.2086506056541169,11.536588855031354,0.09984004601580503,,,4.0,14.0,,192,,,4.0,long,,,200.0,,,,21.0,,,,,0.5,384.0
rolling_sweep_reclaim,6672522bc0f17ef682c14e57,"{""atr_window"":14,""level_lookback"":96,""max_hold_bars"":16,""reclaim_atr"":0.0,""regime_ema"":200,""risk_reward"":2.0,""side"":""short"",""stop_atr"":0.1,""sweep_atr"":0.0}",29.0,15.0,14.0,29.0,0.13489160174410786,0.4683289008201916,0.33343729907608366,1.2960647903527693,3.659686615783305,0.41911195453051314,,,,,,16,,,2.0,short,,,200.0,,,,14.0,96.0,0.0,0.1,0.0,,
rolling_sweep_reclaim,4d9b5f32c9e89efa2ca8ac2a,"{""atr_window"":14,""level_lookback"":96,""max_hold_bars"":16,""reclaim_atr"":0.1,""regime_ema"":200,""risk_reward"":2.0,""side"":""short"",""stop_atr"":0.1,""sweep_atr"":0.0}",29.0,15.0,14.0,29.0,0.13489160174410786,0.4683289008201916,0.33343729907608366,1.2960647903527693,3.659686615783305,0.41911195453051314,,,,,,16,,,2.0,short,,,200.0,,,,14.0,96.0,0.1,0.1,0.0,,
rolling_range_breakout,524f43922d96f6407dee2f22,"{""atr_stop_multiplier"":3.0,""atr_stop_window"":14,""atr_window"":14,""breakout_atr_buffer"":0.5,""lookback"":384,""max_hold_bars"":384,""regime_ema"":100,""risk_reward"":3.0,""side"":""long""}",190.0,60.0,130.0,190.0,0.13462867055205222,0.23963036203427182,0.10500169148221959,1.1795533747068814,16.44727246327684,0.11410908769137458,,,3.0,14.0,,384,,,3.0,long,,,100.0,,,,14.0,,,,,0.5,384.0
rolling_range_breakout,9a356958aaddcb682979a13e,"{""atr_stop_multiplier"":3.0,""atr_stop_window"":14,""atr_window"":14,""breakout_atr_buffer"":0.5,""lookback"":384,""max_hold_bars"":384,""regime_ema"":200,""risk_reward"":3.0,""side"":""long""}",190.0,60.0,130.0,190.0,0.13462867055205222,0.23963036203427182,0.10500169148221959,1.1795533747068814,16.44727246327684,0.11410908769137458,,,3.0,14.0,,384,,,3.0,long,,,200.0,,,,14.0,,,,,0.5,384.0
rolling_sweep_reclaim,ab6857ded54d11589c5aad67,"{""atr_window"":21,""level_lookback"":96,""max_hold_bars"":16,""reclaim_atr"":0.0,""regime_ema"":200,""risk_reward"":2.0,""side"":""short"",""stop_atr"":0.1,""sweep_atr"":0.0}",29.0,15.0,14.0,29.0,0.13455759192081587,0.4683676841758953,0.3338100922550794,1.2952430698493123,3.662776666989987,0.419551635846256,,,,,,16,,,2.0,short,,,200.0,,,,21.0,96.0,0.0,0.1,0.0,,
rolling_sweep_reclaim,fa9504bcc1761940a64097fe,"{""atr_window"":21,""level_lookback"":96,""max_hold_bars"":16,""reclaim_atr"":0.1,""regime_ema"":200,""risk_reward"":2.0,""side"":""short"",""stop_atr"":0.1,""sweep_atr"":0.0}",29.0,15.0,14.0,29.0,0.13455759192081587,0.4683676841758953,0.3338100922550794,1.2952430698493123,3.662776666989987,0.419551635846256,,,,,,16,,,2.0,short,,,200.0,,,,21.0,96.0,0.1,0.1,0.0,,
rolling_range_breakout,5e78b4cb233746596b4c5f72,"{""atr_stop_multiplier"":3.0,""atr_stop_window"":14,""atr_window"":14,""breakout_atr_buffer"":0.5,""lookback"":384,""max_hold_bars"":192,""regime_ema"":100,""risk_reward"":3.0,""side"":""long""}",196.0,66.0,130.0,196.0,0.1328267998008577,0.2385488944717666,0.10572209467090889,1.1881491101561987,14.619226178585011,0.12069381203790507,,,3.0,14.0,,192,,,3.0,long,,,100.0,,,,14.0,,,,,0.5,384.0
rolling_range_breakout,74b4757e4795a10d77871362,"{""atr_stop_multiplier"":3.0,""atr_stop_window"":14,""atr_window"":14,""breakout_atr_buffer"":0.5,""lookback"":384,""max_hold_bars"":192,""regime_ema"":200,""risk_reward"":3.0,""side"":""long""}",196.0,66.0,130.0,196.0,0.1328267998008577,0.2385488944717666,0.10572209467090889,1.1881491101561987,14.619226178585011,0.12069381203790507,,,3.0,14.0,,192,,,3.0,long,,,200.0,,,,14.0,,,,,0.5,384.0
rolling_range_breakout,c8493d39330808eea62cd4f2,"{""atr_stop_multiplier"":3.0,""atr_stop_window"":14,""atr_window"":21,""breakout_atr_buffer"":0.5,""lookback"":384,""max_hold_bars"":192,""regime_ema"":100,""risk_reward"":3.0,""side"":""long""}",201.0,68.0,133.0,201.0,0.13278873789103326,0.23838695050534464,0.1055982126143114,1.1883604846965246,14.619226178585011,0.1207029139254359,,,3.0,14.0,,192,,,3.0,long,,,100.0,,,,21.0,,,,,0.5,384.0
rolling_range_breakout,21596c906585956de0a39e81,"{""atr_stop_multiplier"":3.0,""atr_stop_window"":14,""atr_window"":21,""breakout_atr_buffer"":0.5,""lookback"":384,""max_hold_bars"":192,""regime_ema"":200,""risk_reward"":3.0,""side"":""long""}",201.0,68.0,133.0,201.0,0.13278873789103326,0.23838695050534464,0.1055982126143114,1.1883604846965246,14.619226178585011,0.1207029139254359,,,3.0,14.0,,192,,,3.0,long,,,200.0,,,,21.0,,,,,0.5,384.0
rolling_range_breakout,8f2fade2138e6085cc25a921,"{""atr_stop_multiplier"":3.0,""atr_stop_window"":14,""atr_window"":14,""breakout_atr_buffer"":0.5,""lookback"":384,""max_hold_bars"":96,""regime_ema"":100,""risk_reward"":3.0,""side"":""long""}",203.0,75.0,128.0,203.0,0.1326005590390074,0.23823467343075377,0.10563411439174637,1.2015910276417365,15.349712405480131,0.12712713637137743,,,3.0,14.0,,96,,,3.0,long,,,100.0,,,,14.0,,,,,0.5,384.0
rolling_range_breakout,4c16e7a0606bc4ba242c5872,"{""atr_stop_multiplier"":3.0,""atr_stop_window"":14,""atr_window"":14,""breakout_atr_buffer"":0.5,""lookback"":384,""max_hold_bars"":96,""regime_ema"":200,""risk_reward"":3.0,""side"":""long""}",203.0,75.0,128.0,203.0,0.1326005590390074,0.23823467343075377,0.10563411439174637,1.2015910276417365,15.349712405480131,0.12712713637137743,,,3.0,14.0,,96,,,3.0,long,,,200.0,,,,14.0,,,,,0.5,384.0
rolling_range_breakout,45f2a3c0762a7ab98d1e7de6,"{""atr_stop_multiplier"":2.0,""atr_stop_window"":14,""atr_window"":14,""breakout_atr_buffer"":0.25,""lookback"":384,""max_hold_bars"":384,""regime_ema"":100,""risk_reward"":4.0,""side"":""long""}",237.0,61.0,176.0,237.0,0.1317926261924402,0.2892041229735356,0.15741149678109545,1.1538618505986855,17.4023167015062,0.1528955931849165,,,2.0,14.0,,384,,,4.0,long,,,100.0,,,,14.0,,,,,0.25,384.0
rolling_range_breakout,a5bc003fe193356f91953824,"{""atr_stop_multiplier"":2.0,""atr_stop_window"":14,""atr_window"":14,""breakout_atr_buffer"":0.25,""lookback"":384,""max_hold_bars"":384,""regime_ema"":200,""risk_reward"":4.0,""side"":""long""}",237.0,61.0,176.0,237.0,0.1317926261924402,0.2892041229735356,0.15741149678109545,1.1538618505986855,17.4023167015062,0.1528955931849165,,,2.0,14.0,,384,,,4.0,long,,,200.0,,,,14.0,,,,,0.25,384.0
rolling_range_breakout,dbbb9ba597d6ed409e483ec3,"{""atr_stop_multiplier"":4.0,""atr_stop_window"":14,""atr_window"":21,""breakout_atr_buffer"":0.5,""lookback"":384,""max_hold_bars"":384,""regime_ema"":100,""risk_reward"":3.0,""side"":""long""}",172.0,56.0,116.0,172.0,0.12804464004952337,0.20780898721044475,0.07976434716092128,1.1779461108399747,16.617945549507667,0.0911867646281472,,,4.0,14.0,,384,,,3.0,long,,,100.0,,,,21.0,,,,,0.5,384.0
rolling_range_breakout,0f8a38a34110e85b7bb3cd3f,"{""atr_stop_multiplier"":4.0,""atr_stop_window"":14,""atr_window"":21,""breakout_atr_buffer"":0.5,""lookback"":384,""max_hold_bars"":384,""regime_ema"":200,""risk_reward"":3.0,""side"":""long""}",172.0,56.0,116.0,172.0,0.12804464004952337,0.20780898721044475,0.07976434716092128,1.1779461108399747,16.617945549507667,0.0911867646281472,,,4.0,14.0,,384,,,3.0,long,,,200.0,,,,21.0,,,,,0.5,384.0
rolling_range_breakout,ea9b5eb64d636892a5606fd1,"{""atr_stop_multiplier"":3.0,""atr_stop_window"":14,""atr_window"":21,""breakout_atr_buffer"":0.25,""lookback"":384,""max_hold_bars"":192,""regime_ema"":100,""risk_reward"":4.0,""side"":""long""}",205.0,64.0,141.0,205.0,0.12759431766729412,0.23515336074328827,0.10755904307599418,1.1712141113140309,14.347186411993446,0.11860753703713757,,,3.0,14.0,,192,,,4.0,long,,,100.0,,,,21.0,,,,,0.25,384.0
rolling_range_breakout,693f772fdabcf7be64ab2ab4,"{""atr_stop_multiplier"":3.0,""atr_stop_window"":14,""atr_window"":21,""breakout_atr_buffer"":0.25,""lookback"":384,""max_hold_bars"":192,""regime_ema"":200,""risk_reward"":4.0,""side"":""long""}",205.0,64.0,141.0,205.0,0.12759431766729412,0.23515336074328827,0.10755904307599418,1.1712141113140309,14.347186411993446,0.11860753703713757,,,3.0,14.0,,192,,,4.0,long,,,200.0,,,,21.0,,,,,0.25,384.0
rolling_range_breakout,f22f10571e781a6d9856bdf2,"{""atr_stop_multiplier"":3.0,""atr_stop_window"":14,""atr_window"":14,""breakout_atr_buffer"":0.0,""lookback"":384,""max_hold_bars"":96,""regime_ema"":100,""risk_reward"":4.0,""side"":""long""}",243.0,88.0,155.0,243.0,0.12623852179505665,0.23238292120383777,0.10614439940878118,1.189735184693382,13.975273396311369,0.12779811712126388,,,3.0,14.0,,96,,,4.0,long,,,100.0,,,,14.0,,,,,0.0,384.0
rolling_range_breakout,e2d19e6c970f2e646c05b619,"{""atr_stop_multiplier"":3.0,""atr_stop_window"":14,""atr_window"":14,""breakout_atr_buffer"":0.0,""lookback"":384,""max_hold_bars"":96,""regime_ema"":200,""risk_reward"":4.0,""side"":""long""}",243.0,88.0,155.0,243.0,0.12623852179505665,0.23238292120383777,0.10614439940878118,1.189735184693382,13.975273396311369,0.12779811712126388,,,3.0,14.0,,96,,,4.0,long,,,200.0,,,,14.0,,,,,0.0,384.0
rolling_range_breakout,dd71b30a190c5e642ccdfd9a,"{""atr_stop_multiplier"":3.0,""atr_stop_window"":14,""atr_window"":21,""breakout_atr_buffer"":0.0,""lookback"":384,""max_hold_bars"":96,""regime_ema"":100,""risk_reward"":4.0,""side"":""long""}",243.0,88.0,155.0,243.0,0.12623852179505665,0.23238292120383777,0.10614439940878118,1.189735184693382,13.975273396311369,0.12779811712126388,,,3.0,14.0,,96,,,4.0,long,,,100.0,,,,21.0,,,,,0.0,384.0
rolling_range_breakout,fc5266091aa789a5d3e39378,"{""atr_stop_multiplier"":3.0,""atr_stop_window"":14,""atr_window"":21,""breakout_atr_buffer"":0.0,""lookback"":384,""max_hold_bars"":96,""regime_ema"":200,""risk_reward"":4.0,""side"":""long""}",243.0,88.0,155.0,243.0,0.12623852179505665,0.23238292120383777,0.10614439940878118,1.189735184693382,13.975273396311369,0.12779811712126388,,,3.0,14.0,,96,,,4.0,long,,,200.0,,,,21.0,,,,,0.0,384.0
rolling_range_breakout,808995655dafd062e4f81ef3,"{""atr_stop_multiplier"":4.0,""atr_stop_window"":14,""atr_window"":14,""breakout_atr_buffer"":0.25,""lookback"":384,""max_hold_bars"":192,""regime_ema"":100,""risk_reward"":3.0,""side"":""long""}",194.0,72.0,122.0,194.0,0.12432226548000096,0.20501409431070639,0.08069182883070533,1.1930579502315715,12.785981478367264,0.10105225342639992,,,4.0,14.0,,192,,,3.0,long,,,100.0,,,,14.0,,,,,0.25,384.0
rolling_range_breakout,b7af22f11aeb9cd315ee8ba1,"{""atr_stop_multiplier"":4.0,""atr_stop_window"":14,""atr_window"":14,""breakout_atr_buffer"":0.25,""lookback"":384,""max_hold_bars"":192,""regime_ema"":200,""risk_reward"":3.0,""side"":""long""}",194.0,72.0,122.0,194.0,0.12432226548000096,0.20501409431070639,0.08069182883070533,1.1930579502315715,12.785981478367264,0.10105225342639992,,,4.0,14.0,,192,,,3.0,long,,,200.0,,,,14.0,,,,,0.25,384.0
rolling_range_breakout,ecd39807d613338afaee879e,"{""atr_stop_multiplier"":4.0,""atr_stop_window"":14,""atr_window"":14,""breakout_atr_buffer"":0.5,""lookback"":384,""max_hold_bars"":384,""regime_ema"":100,""risk_reward"":3.0,""side"":""long""}",169.0,55.0,114.0,169.0,0.12342384261879955,0.20300976106410912,0.07958591844530953,1.1716035276372763,20.622106567317587,0.09148422804193997,,,4.0,14.0,,384,,,3.0,long,,,100.0,,,,14.0,,,,,0.5,384.0
rolling_range_breakout,711b21012e578dde8973beb5,"{""atr_stop_multiplier"":4.0,""atr_stop_window"":14,""atr_window"":14,""breakout_atr_buffer"":0.5,""lookback"":384,""max_hold_bars"":384,""regime_ema"":200,""risk_reward"":3.0,""side"":""long""}",169.0,55.0,114.0,169.0,0.12342384261879955,0.20300976106410912,0.07958591844530953,1.1716035276372763,20.622106567317587,0.09148422804193997,,,4.0,14.0,,384,,,3.0,long,,,200.0,,,,14.0,,,,,0.5,384.0
rolling_range_breakout,9c96d93a80c8f60bf915cb58,"{""atr_stop_multiplier"":3.0,""atr_stop_window"":14,""atr_window"":21,""breakout_atr_buffer"":0.5,""lookback"":384,""max_hold_bars"":96,""regime_ema"":100,""risk_reward"":3.0,""side"":""long""}",208.0,77.0,131.0,208.0,0.12212812475029924,0.2276373272197082,0.10550920246940895,1.1842053672726722,15.349712405480131,0.12784055320826634,,,3.0,14.0,,96,,,3.0,long,,,100.0,,,,21.0,,,,,0.5,384.0
rolling_range_breakout,5dc4be9651c975ceca37c03f,"{""atr_stop_multiplier"":3.0,""atr_stop_window"":14,""atr_window"":21,""breakout_atr_buffer"":0.5,""lookback"":384,""max_hold_bars"":96,""regime_ema"":200,""risk_reward"":3.0,""side"":""long""}",208.0,77.0,131.0,208.0,0.12212812475029924,0.2276373272197082,0.10550920246940895,1.1842053672726722,15.349712405480131,0.12784055320826634,,,3.0,14.0,,96,,,3.0,long,,,200.0,,,,21.0,,,,,0.5,384.0
rolling_range_breakout,694212d88c3f565ba046d068,"{""atr_stop_multiplier"":3.0,""atr_stop_window"":14,""atr_window"":21,""breakout_atr_buffer"":0.25,""lookback"":384,""max_hold_bars"":96,""regime_ema"":100,""risk_reward"":4.0,""side"":""long""}",220.0,79.0,141.0,220.0,0.11992875661915005,0.2272837456845797,0.10735498906542972,1.1768105854270396,12.838304473715388,0.1282781745290704,,,3.0,14.0,,96,,,4.0,long,,,100.0,,,,21.0,,,,,0.25,384.0
rolling_range_breakout,d774b4f6da06a3576245c40d,"{""atr_stop_multiplier"":3.0,""atr_stop_window"":14,""atr_window"":21,""breakout_atr_buffer"":0.25,""lookback"":384,""max_hold_bars"":96,""regime_ema"":200,""risk_reward"":4.0,""side"":""long""}",220.0,79.0,141.0,220.0,0.11992875661915005,0.2272837456845797,0.10735498906542972,1.1768105854270396,12.838304473715388,0.1282781745290704,,,3.0,14.0,,96,,,4.0,long,,,200.0,,,,21.0,,,,,0.25,384.0
rolling_range_breakout,1a30d0a7a62b822eff791a75,"{""atr_stop_multiplier"":3.0,""atr_stop_window"":14,""atr_window"":14,""breakout_atr_buffer"":0.25,""lookback"":384,""max_hold_bars"":192,""regime_ema"":100,""risk_reward"":4.0,""side"":""long""}",205.0,63.0,142.0,205.0,0.11916129788625748,0.22634277257264876,0.10718147468639132,1.158859124248314,16.340406140097933,0.11870595200102603,,,3.0,14.0,,192,,,4.0,long,,,100.0,,,,14.0,,,,,0.25,384.0
rolling_range_breakout,d8edb620cd5a318e4cb30eff,"{""atr_stop_multiplier"":3.0,""atr_stop_window"":14,""atr_window"":14,""breakout_atr_buffer"":0.25,""lookback"":384,""max_hold_bars"":192,""regime_ema"":200,""risk_reward"":4.0,""side"":""long""}",205.0,63.0,142.0,205.0,0.11916129788625748,0.22634277257264876,0.10718147468639132,1.158859124248314,16.340406140097933,0.11870595200102603,,,3.0,14.0,,192,,,4.0,long,,,200.0,,,,14.0,,,,,0.25,384.0
rolling_range_breakout,ef97b4427dff26e5f1a6500f,"{""atr_stop_multiplier"":3.0,""atr_stop_window"":14,""atr_window"":14,""breakout_atr_buffer"":0.0,""lookback"":384,""max_hold_bars"":384,""regime_ema"":100,""risk_reward"":4.0,""side"":""long""}",212.0,54.0,158.0,212.0,0.1173495969247077,0.22342417658286387,0.1060745796581562,1.1439468550046992,22.9806803800287,0.110317520267786,,,3.0,14.0,,384,,,4.0,long,,,100.0,,,,14.0,,,,,0.0,384.0
rolling_range_breakout,4c7969feeb74020fb0c50e4a,"{""atr_stop_multiplier"":3.0,""atr_stop_window"":14,""atr_window"":14,""breakout_atr_buffer"":0.0,""lookback"":384,""max_hold_bars"":384,""regime_ema"":200,""risk_reward"":4.0,""side"":""long""}",212.0,54.0,158.0,212.0,0.1173495969247077,0.22342417658286387,0.1060745796581562,1.1439468550046992,22.9806803800287,0.110317520267786,,,3.0,14.0,,384,,,4.0,long,,,200.0,,,,14.0,,,,,0.0,384.0
rolling_range_breakout,db00ee4c28900757cc4706cd,"{""atr_stop_multiplier"":3.0,""atr_stop_window"":14,""atr_window"":21,""breakout_atr_buffer"":0.0,""lookback"":384,""max_hold_bars"":384,""regime_ema"":100,""risk_reward"":4.0,""side"":""long""}",212.0,54.0,158.0,212.0,0.1173495969247077,0.22342417658286387,0.1060745796581562,1.1439468550046992,22.9806803800287,0.110317520267786,,,3.0,14.0,,384,,,4.0,long,,,100.0,,,,21.0,,,,,0.0,384.0
rolling_range_breakout,6638bceee80f4e0a2ad59586,"{""atr_stop_multiplier"":3.0,""atr_stop_window"":14,""atr_window"":21,""breakout_atr_buffer"":0.0,""lookback"":384,""max_hold_bars"":384,""regime_ema"":200,""risk_reward"":4.0,""side"":""long""}",212.0,54.0,158.0,212.0,0.1173495969247077,0.22342417658286387,0.1060745796581562,1.1439468550046992,22.9806803800287,0.110317520267786,,,3.0,14.0,,384,,,4.0,long,,,200.0,,,,21.0,,,,,0.0,384.0
rolling_range_breakout,05882cade6b9033c7b590111,"{""atr_stop_multiplier"":3.0,""atr_stop_window"":14,""atr_window"":21,""breakout_atr_buffer"":0.5,""lookback"":384,""max_hold_bars"":384,""regime_ema"":100,""risk_reward"":3.0,""side"":""long""}",196.0,61.0,135.0,196.0,0.11707386757880273,0.22209065707403902,0.1050167894952363,1.1550200782420574,16.44727246327684,0.11574341867705452,,,3.0,14.0,,384,,,3.0,long,,,100.0,,,,21.0,,,,,0.5,384.0
rolling_range_breakout,72f8b7d09cb632c3aa12c70e,"{""atr_stop_multiplier"":3.0,""atr_stop_window"":14,""atr_window"":21,""breakout_atr_buffer"":0.5,""lookback"":384,""max_hold_bars"":384,""regime_ema"":200,""risk_reward"":3.0,""side"":""long""}",196.0,61.0,135.0,196.0,0.11707386757880273,0.22209065707403902,0.1050167894952363,1.1550200782420574,16.44727246327684,0.11574341867705452,,,3.0,14.0,,384,,,3.0,long,,,200.0,,,,21.0,,,,,0.5,384.0
rolling_range_breakout,2f277a7dccbe4c81d0e7f9da,"{""atr_stop_multiplier"":2.0,""atr_stop_window"":14,""atr_window"":14,""breakout_atr_buffer"":0.5,""lookback"":384,""max_hold_bars"":96,""regime_ema"":100,""risk_reward"":3.0,""side"":""long""}",237.0,81.0,156.0,237.0,0.11680459344127098,0.2722425367450808,0.15543794330380983,1.1551758147758555,12.938499176572735,0.1683418040098388,,,2.0,14.0,,96,,,3.0,long,,,100.0,,,,14.0,,,,,0.5,384.0
rolling_range_breakout,b2a473befd519a0778d16b03,"{""atr_stop_multiplier"":2.0,""atr_stop_window"":14,""atr_window"":14,""breakout_atr_buffer"":0.5,""lookback"":384,""max_hold_bars"":96,""regime_ema"":200,""risk_reward"":3.0,""side"":""long""}",237.0,81.0,156.0,237.0,0.11680459344127098,0.2722425367450808,0.15543794330380983,1.1551758147758555,12.938499176572735,0.1683418040098388,,,2.0,14.0,,96,,,3.0,long,,,200.0,,,,14.0,,,,,0.5,384.0
rolling_range_breakout,7d419745d4b6e92e81bdca78,"{""atr_stop_multiplier"":4.0,""atr_stop_window"":14,""atr_window"":14,""breakout_atr_buffer"":0.5,""lookback"":384,""max_hold_bars"":192,""regime_ema"":100,""risk_reward"":3.0,""side"":""long""}",177.0,65.0,112.0,177.0,0.11486114295150263,0.19508130522112607,0.08022016226962343,1.182623555903263,15.394354618675957,0.10367635921514035,,,4.0,14.0,,192,,,3.0,long,,,100.0,,,,14.0,,,,,0.5,384.0
rolling_range_breakout,e5e4bae8a7403ec4cf433b34,"{""atr_stop_multiplier"":4.0,""atr_stop_window"":14,""atr_window"":14,""breakout_atr_buffer"":0.5,""lookback"":384,""max_hold_bars"":192,""regime_ema"":200,""risk_reward"":3.0,""side"":""long""}",177.0,65.0,112.0,177.0,0.11486114295150263,0.19508130522112607,0.08022016226962343,1.182623555903263,15.394354618675957,0.10367635921514035,,,4.0,14.0,,192,,,3.0,long,,,200.0,,,,14.0,,,,,0.5,384.0
rolling_range_breakout,8a4574399acd34004d435055,"{""atr_stop_multiplier"":2.0,""atr_stop_window"":14,""atr_window"":21,""breakout_atr_buffer"":0.5,""lookback"":384,""max_hold_bars"":96,""regime_ema"":100,""risk_reward"":3.0,""side"":""long""}",242.0,83.0,159.0,242.0,0.11464459962801878,0.2699905127915295,0.15534591316351076,1.152529789862083,14.13381017546321,0.16884703112922264,,,2.0,14.0,,96,,,3.0,long,,,100.0,,,,21.0,,,,,0.5,384.0
rolling_range_breakout,9d8ace376aecbd0947a81330,"{""atr_stop_multiplier"":2.0,""atr_stop_window"":14,""atr_window"":21,""breakout_atr_buffer"":0.5,""lookback"":384,""max_hold_bars"":96,""regime_ema"":200,""risk_reward"":3.0,""side"":""long""}",242.0,83.0,159.0,242.0,0.11464459962801878,0.2699905127915295,0.15534591316351076,1.152529789862083,14.13381017546321,0.16884703112922264,,,2.0,14.0,,96,,,3.0,long,,,200.0,,,,21.0,,,,,0.5,384.0
rolling_range_breakout,50f767f4691a095cd748dbf1,"{""atr_stop_multiplier"":4.0,""atr_stop_window"":14,""atr_window"":21,""breakout_atr_buffer"":0.25,""lookback"":384,""max_hold_bars"":384,""regime_ema"":100,""risk_reward"":3.0,""side"":""long""}",185.0,59.0,126.0,185.0,0.11443564402108874,0.19466484071697704,0.08022919669588822,1.1579253497474584,18.352009772839942,0.09269734944430405,,,4.0,14.0,,384,,,3.0,long,,,100.0,,,,21.0,,,,,0.25,384.0
rolling_range_breakout,9a17589af74864a153769524,"{""atr_stop_multiplier"":4.0,""atr_stop_window"":14,""atr_window"":21,""breakout_atr_buffer"":0.25,""lookback"":384,""max_hold_bars"":384,""regime_ema"":200,""risk_reward"":3.0,""side"":""long""}",185.0,59.0,126.0,185.0,0.11443564402108874,0.19466484071697704,0.08022919669588822,1.1579253497474584,18.352009772839942,0.09269734944430405,,,4.0,14.0,,384,,,3.0,long,,,200.0,,,,21.0,,,,,0.25,384.0
rolling_sweep_reclaim,38484c4ac604de94b407c108,"{""atr_window"":14,""level_lookback"":96,""max_hold_bars"":16,""reclaim_atr"":0.0,""regime_ema"":200,""risk_reward"":1.5,""side"":""short"",""stop_atr"":0.25,""sweep_atr"":0.15}",22.0,12.0,10.0,22.0,0.10970467098067282,0.4139413466612735,0.3042366756806007,1.3139645282187777,2.7859618857585375,0.4590300598123562,,,,,,16,,,1.5,short,,,200.0,,,,14.0,96.0,0.0,0.25,0.15,,
rolling_sweep_reclaim,eb86a0fbc8ce1604246358ca,"{""atr_window"":14,""level_lookback"":96,""max_hold_bars"":16,""reclaim_atr"":0.1,""regime_ema"":200,""risk_reward"":1.5,""side"":""short"",""stop_atr"":0.25,""sweep_atr"":0.15}",22.0,12.0,10.0,22.0,0.10970467098067282,0.4139413466612735,0.3042366756806007,1.3139645282187777,2.7859618857585375,0.4590300598123562,,,,,,16,,,1.5,short,,,200.0,,,,14.0,96.0,0.1,0.25,0.15,,
rolling_sweep_reclaim,109b8aa5bd665e0abe8225b8,"{""atr_window"":21,""level_lookback"":96,""max_hold_bars"":16,""reclaim_atr"":0.0,""regime_ema"":200,""risk_reward"":1.5,""side"":""short"",""stop_atr"":0.25,""sweep_atr"":0.15}",22.0,12.0,10.0,22.0,0.10880563142345073,0.4143981303122173,0.30559249888876655,1.3111904521292157,2.798105778244087,0.4607237806993125,,,,,,16,,,1.5,short,,,200.0,,,,21.0,96.0,0.0,0.25,0.15,,
rolling_sweep_reclaim,4010e7f6c1acda4b67e11b26,"{""atr_window"":21,""level_lookback"":96,""max_hold_bars"":16,""reclaim_atr"":0.1,""regime_ema"":200,""risk_reward"":1.5,""side"":""short"",""stop_atr"":0.25,""sweep_atr"":0.15}",22.0,12.0,10.0,22.0,0.10880563142345073,0.4143981303122173,0.30559249888876655,1.3111904521292157,2.798105778244087,0.4607237806993125,,,,,,16,,,1.5,short,,,200.0,,,,21.0,96.0,0.1,0.25,0.15,,
rolling_range_breakout,aec4f1a890f1328fd9b208dd,"{""atr_stop_multiplier"":4.0,""atr_stop_window"":14,""atr_window"":14,""breakout_atr_buffer"":0.0,""lookback"":384,""max_hold_bars"":192,""regime_ema"":100,""risk_reward"":4.0,""side"":""long""}",201.0,69.0,132.0,201.0,0.10871399406928485,0.1889913531065813,0.08027735903729653,1.1651534325028485,14.744291020672973,0.1008992618996055,,,4.0,14.0,,192,,,4.0,long,,,100.0,,,,14.0,,,,,0.0,384.0
rolling_range_breakout,e9fd7d6029cd2de71f70bbd6,"{""atr_stop_multiplier"":4.0,""atr_stop_window"":14,""atr_window"":14,""breakout_atr_buffer"":0.0,""lookback"":384,""max_hold_bars"":192,""regime_ema"":200,""risk_reward"":4.0,""side"":""long""}",201.0,69.0,132.0,201.0,0.10871399406928485,0.1889913531065813,0.08027735903729653,1.1651534325028485,14.744291020672973,0.1008992618996055,,,4.0,14.0,,192,,,4.0,long,,,200.0,,,,14.0,,,,,0.0,384.0
rolling_range_breakout,a45ddecb0b8544998296824a,"{""atr_stop_multiplier"":4.0,""atr_stop_window"":14,""atr_window"":21,""breakout_atr_buffer"":0.0,""lookback"":384,""max_hold_bars"":192,""regime_ema"":100,""risk_reward"":4.0,""side"":""long""}",201.0,69.0,132.0,201.0,0.10871399406928485,0.1889913531065813,0.08027735903729653,1.1651534325028485,14.744291020672973,0.1008992618996055,,,4.0,14.0,,192,,,4.0,long,,,100.0,,,,21.0,,,,,0.0,384.0
rolling_range_breakout,bb2115b490987ba579155309,"{""atr_stop_multiplier"":4.0,""atr_stop_window"":14,""atr_window"":21,""breakout_atr_buffer"":0.0,""lookback"":384,""max_hold_bars"":192,""regime_ema"":200,""risk_reward"":4.0,""side"":""long""}",201.0,69.0,132.0,201.0,0.10871399406928485,0.1889913531065813,0.08027735903729653,1.1651534325028485,14.744291020672973,0.1008992618996055,,,4.0,14.0,,192,,,4.0,long,,,200.0,,,,21.0,,,,,0.0,384.0
rolling_sweep_reclaim,8e882d9d9f5225b930918be9,"{""atr_window"":14,""level_lookback"":96,""max_hold_bars"":64,""reclaim_atr"":0.0,""regime_ema"":200,""risk_reward"":1.0,""side"":""short"",""stop_atr"":0.25,""sweep_atr"":0.0}",28.0,19.0,9.0,28.0,0.10856554950726396,0.41686453496029563,0.30829898545303175,1.3222374781270323,3.35482322900252,0.4543353469834152,,,,,,64,,,1.0,short,,,200.0,,,,14.0,96.0,0.0,0.25,0.0,,
rolling_sweep_reclaim,a2feece8177944c93e01ea27,"{""atr_window"":14,""level_lookback"":96,""max_hold_bars"":64,""reclaim_atr"":0.1,""regime_ema"":200,""risk_reward"":1.0,""side"":""short"",""stop_atr"":0.25,""sweep_atr"":0.0}",28.0,19.0,9.0,28.0,0.10856554950726396,0.41686453496029563,0.30829898545303175,1.3222374781270323,3.35482322900252,0.4543353469834152,,,,,,64,,,1.0,short,,,200.0,,,,14.0,96.0,0.1,0.25,0.0,,
rolling_range_breakout,5684a659f2fd9655e11ebff5,"{""atr_stop_multiplier"":3.0,""atr_stop_window"":14,""atr_window"":14,""breakout_atr_buffer"":0.25,""lookback"":384,""max_hold_bars"":96,""regime_ema"":100,""risk_reward"":3.0,""side"":""long""}",228.0,86.0,142.0,228.0,0.10852750908610212,0.21440939036836,0.1058818812822579,1.1642125312223919,14.83375164703505,0.13075063862900083,,,3.0,14.0,,96,,,3.0,long,,,100.0,,,,14.0,,,,,0.25,384.0
rolling_range_breakout,4771966ae648359c21790f95,"{""atr_stop_multiplier"":3.0,""atr_stop_window"":14,""atr_window"":14,""breakout_atr_buffer"":0.25,""lookback"":384,""max_hold_bars"":96,""regime_ema"":200,""risk_reward"":3.0,""side"":""long""}",228.0,86.0,142.0,228.0,0.10852750908610212,0.21440939036836,0.1058818812822579,1.1642125312223919,14.83375164703505,0.13075063862900083,,,3.0,14.0,,96,,,3.0,long,,,200.0,,,,14.0,,,,,0.25,384.0
rolling_range_breakout,96e8e5afb21838c3111e951c,"{""atr_stop_multiplier"":2.0,""atr_stop_window"":14,""atr_window"":14,""breakout_atr_buffer"":0.5,""lookback"":192,""max_hold_bars"":96,""regime_ema"":100,""risk_reward"":4.0,""side"":""long""}",330.0,102.0,228.0,330.0,0.10811609341586842,0.28250026637004444,0.17438417295417624,1.1344830301789743,24.40220568763161,0.18092016943795314,,,2.0,14.0,,96,,,4.0,long,,,100.0,,,,14.0,,,,,0.5,192.0
rolling_range_breakout,86cd55aea327b652ca15c9e3,"{""atr_stop_multiplier"":2.0,""atr_stop_window"":14,""atr_window"":14,""breakout_atr_buffer"":0.5,""lookback"":192,""max_hold_bars"":96,""regime_ema"":200,""risk_reward"":4.0,""side"":""long""}",330.0,102.0,228.0,330.0,0.10811609341586842,0.28250026637004444,0.17438417295417624,1.1344830301789743,24.40220568763161,0.18092016943795314,,,2.0,14.0,,96,,,4.0,long,,,200.0,,,,14.0,,,,,0.5,192.0
rolling_sweep_reclaim,0fc3486708741352cfb9955c,"{""atr_window"":21,""level_lookback"":96,""max_hold_bars"":64,""reclaim_atr"":0.0,""regime_ema"":200,""risk_reward"":1.0,""side"":""short"",""stop_atr"":0.25,""sweep_atr"":0.0}",28.0,19.0,9.0,28.0,0.10753206014308403,0.41676411822015147,0.30923205807706744,1.3190520781302624,3.366950935903013,0.45571040137673097,,,,,,64,,,1.0,short,,,200.0,,,,21.0,96.0,0.0,0.25,0.0,,
rolling_sweep_reclaim,dcdd8038f4059b2f6abf8b66,"{""atr_window"":21,""level_lookback"":96,""max_hold_bars"":64,""reclaim_atr"":0.1,""regime_ema"":200,""risk_reward"":1.0,""side"":""short"",""stop_atr"":0.25,""sweep_atr"":0.0}",28.0,19.0,9.0,28.0,0.10753206014308403,0.41676411822015147,0.30923205807706744,1.3190520781302624,3.366950935903013,0.45571040137673097,,,,,,64,,,1.0,short,,,200.0,,,,21.0,96.0,0.1,0.25,0.0,,
rolling_range_breakout,570b90cc23bb95410ac91b77,"{""atr_stop_multiplier"":4.0,""atr_stop_window"":14,""atr_window"":21,""breakout_atr_buffer"":0.25,""lookback"":384,""max_hold_bars"":192,""regime_ema"":100,""risk_reward"":3.0,""side"":""long""}",195.0,71.0,124.0,195.0,0.10720393190570564,0.18817758152681632,0.08097364962111066,1.1644249899029686,14.293352982850905,0.10264222673663226,,,4.0,14.0,,192,,,3.0,long,,,100.0,,,,21.0,,,,,0.25,384.0
rolling_range_breakout,e4eff3afad678d19d7538d22,"{""atr_stop_multiplier"":4.0,""atr_stop_window"":14,""atr_window"":21,""breakout_atr_buffer"":0.25,""lookback"":384,""max_hold_bars"":192,""regime_ema"":200,""risk_reward"":3.0,""side"":""long""}",195.0,71.0,124.0,195.0,0.10720393190570564,0.18817758152681632,0.08097364962111066,1.1644249899029686,14.293352982850905,0.10264222673663226,,,4.0,14.0,,192,,,3.0,long,,,200.0,,,,21.0,,,,,0.25,384.0
rolling_range_breakout,f86f956511b5e0206372891f,"{""atr_stop_multiplier"":4.0,""atr_stop_window"":14,""atr_window"":21,""breakout_atr_buffer"":0.5,""lookback"":384,""max_hold_bars"":192,""regime_ema"":100,""risk_reward"":3.0,""side"":""long""}",181.0,66.0,115.0,181.0,0.1070403660858727,0.18730498417814134,0.08026461809226859,1.169066936848664,13.606817239092337,0.10427152316996455,,,4.0,14.0,,192,,,3.0,long,,,100.0,,,,21.0,,,,,0.5,384.0
rolling_range_breakout,c1ab144ca2f2e4e134b4cdcb,"{""atr_stop_multiplier"":4.0,""atr_stop_window"":14,""atr_window"":21,""breakout_atr_buffer"":0.5,""lookback"":384,""max_hold_bars"":192,""regime_ema"":200,""risk_reward"":3.0,""side"":""long""}",181.0,66.0,115.0,181.0,0.1070403660858727,0.18730498417814134,0.08026461809226859,1.169066936848664,13.606817239092337,0.10427152316996455,,,4.0,14.0,,192,,,3.0,long,,,200.0,,,,21.0,,,,,0.5,384.0
rolling_range_breakout,7b90d2f691fcf66d07acf9f6,"{""atr_stop_multiplier"":3.0,""atr_stop_window"":14,""atr_window"":14,""breakout_atr_buffer"":0.0,""lookback"":384,""max_hold_bars"":192,""regime_ema"":100,""risk_reward"":4.0,""side"":""long""}",223.0,67.0,156.0,223.0,0.10593615693878715,0.21226052217578947,0.10632436523700237,1.1413498105923938,17.460350841128218,0.11963554035082702,,,3.0,14.0,,192,,,4.0,long,,,100.0,,,,14.0,,,,,0.0,384.0
rolling_range_breakout,c5aeffad45ea403270401a37,"{""atr_stop_multiplier"":3.0,""atr_stop_window"":14,""atr_window"":14,""breakout_atr_buffer"":0.0,""lookback"":384,""max_hold_bars"":192,""regime_ema"":200,""risk_reward"":4.0,""side"":""long""}",223.0,67.0,156.0,223.0,0.10593615693878715,0.21226052217578947,0.10632436523700237,1.1413498105923938,17.460350841128218,0.11963554035082702,,,3.0,14.0,,192,,,4.0,long,,,200.0,,,,14.0,,,,,0.0,384.0
rolling_range_breakout,09de4c34257f32ffa559125c,"{""atr_stop_multiplier"":3.0,""atr_stop_window"":14,""atr_window"":21,""breakout_atr_buffer"":0.0,""lookback"":384,""max_hold_bars"":192,""regime_ema"":100,""risk_reward"":4.0,""side"":""long""}",223.0,67.0,156.0,223.0,0.10593615693878715,0.21226052217578947,0.10632436523700237,1.1413498105923938,17.460350841128218,0.11963554035082702,,,3.0,14.0,,192,,,4.0,long,,,100.0,,,,21.0,,,,,0.0,384.0
rolling_range_breakout,63801c766152061a6cb34e6e,"{""atr_stop_multiplier"":3.0,""atr_stop_window"":14,""atr_window"":21,""breakout_atr_buffer"":0.0,""lookback"":384,""max_hold_bars"":192,""regime_ema"":200,""risk_reward"":4.0,""side"":""long""}",223.0,67.0,156.0,223.0,0.10593615693878715,0.21226052217578947,0.10632436523700237,1.1413498105923938,17.460350841128218,0.11963554035082702,,,3.0,14.0,,192,,,4.0,long,,,200.0,,,,21.0,,,,,0.0,384.0
rolling_range_breakout,07578e7d96b50b1f450f2bbf,"{""atr_stop_multiplier"":3.0,""atr_stop_window"":14,""atr_window"":21,""breakout_atr_buffer"":0.25,""lookback"":384,""max_hold_bars"":192,""regime_ema"":100,""risk_reward"":3.0,""side"":""long""}",221.0,73.0,148.0,221.0,0.10577199156764114,0.21190386821126572,0.10613187664362464,1.145897940196368,16.06007433744794,0.12246312897144494,,,3.0,14.0,,192,,,3.0,long,,,100.0,,,,21.0,,,,,0.25,384.0
rolling_range_breakout,5868d9b95a60923bee0fba73,"{""atr_stop_multiplier"":3.0,""atr_stop_window"":14,""atr_window"":21,""breakout_atr_buffer"":0.25,""lookback"":384,""max_hold_bars"":192,""regime_ema"":200,""risk_reward"":3.0,""side"":""long""}",221.0,73.0,148.0,221.0,0.10577199156764114,0.21190386821126572,0.10613187664362464,1.145897940196368,16.06007433744794,0.12246312897144494,,,3.0,14.0,,192,,,3.0,long,,,200.0,,,,21.0,,,,,0.25,384.0
rolling_range_breakout,e55d49e3a38993a77e7ad641,"{""atr_stop_multiplier"":2.0,""atr_stop_window"":14,""atr_window"":21,""breakout_atr_buffer"":0.5,""lookback"":192,""max_hold_bars"":96,""regime_ema"":100,""risk_reward"":4.0,""side"":""long""}",340.0,104.0,236.0,340.0,0.09934137705141034,0.2743730314963085,0.17503165444489832,1.1228990322589063,25.540201155707866,0.18246997479751298,,,2.0,14.0,,96,,,4.0,long,,,100.0,,,,21.0,,,,,0.5,192.0
rolling_range_breakout,a79d7e98bceebf62edfa3a55,"{""atr_stop_multiplier"":2.0,""atr_stop_window"":14,""atr_window"":21,""breakout_atr_buffer"":0.5,""lookback"":192,""max_hold_bars"":96,""regime_ema"":200,""risk_reward"":4.0,""side"":""long""}",340.0,104.0,236.0,340.0,0.09934137705141034,0.2743730314963085,0.17503165444489832,1.1228990322589063,25.540201155707866,0.18246997479751298,,,2.0,14.0,,96,,,4.0,long,,,200.0,,,,21.0,,,,,0.5,192.0
rolling_range_breakout,9ff985830995aa0997ad7752,"{""atr_stop_multiplier"":3.0,""atr_stop_window"":14,""atr_window"":14,""breakout_atr_buffer"":0.25,""lookback"":384,""max_hold_bars"":192,""regime_ema"":100,""risk_reward"":3.0,""side"":""long""}",220.0,73.0,147.0,220.0,0.09874254754149005,0.20415791870645567,0.10541537116496567,1.1366588968611577,16.06007433744794,0.12295801192483405,,,3.0,14.0,,192,,,3.0,long,,,100.0,,,,14.0,,,,,0.25,384.0
rolling_range_breakout,0ce3bb75aeb6e15f6b62b2de,"{""atr_stop_multiplier"":3.0,""atr_stop_window"":14,""atr_window"":14,""breakout_atr_buffer"":0.25,""lookback"":384,""max_hold_bars"":192,""regime_ema"":200,""risk_reward"":3.0,""side"":""long""}",220.0,73.0,147.0,220.0,0.09874254754149005,0.20415791870645567,0.10541537116496567,1.1366588968611577,16.06007433744794,0.12295801192483405,,,3.0,14.0,,192,,,3.0,long,,,200.0,,,,14.0,,,,,0.25,384.0
rolling_range_breakout,6de76304c4b454446adaee95,"{""atr_stop_multiplier"":2.0,""atr_stop_window"":14,""atr_window"":14,""breakout_atr_buffer"":0.25,""lookback"":192,""max_hold_bars"":96,""regime_ema"":100,""risk_reward"":4.0,""side"":""long""}",377.0,116.0,261.0,377.0,0.09870983240865391,0.27228615164698144,0.17357631923832773,1.1224055491238871,22.89130344484312,0.18151831084448392,,,2.0,14.0,,96,,,4.0,long,,,100.0,,,,14.0,,,,,0.25,192.0
rolling_range_breakout,f7d8dac685421ba38fa8c81e,"{""atr_stop_multiplier"":2.0,""atr_stop_window"":14,""atr_window"":14,""breakout_atr_buffer"":0.25,""lookback"":192,""max_hold_bars"":96,""regime_ema"":200,""risk_reward"":4.0,""side"":""long""}",377.0,116.0,261.0,377.0,0.09870983240865391,0.27228615164698144,0.17357631923832773,1.1224055491238871,22.89130344484312,0.18151831084448392,,,2.0,14.0,,96,,,4.0,long,,,200.0,,,,14.0,,,,,0.25,192.0
rolling_range_breakout,e9bb603fd393d1a8f2a8d3f6,"{""atr_stop_multiplier"":4.0,""atr_stop_window"":14,""atr_window"":14,""breakout_atr_buffer"":0.25,""lookback"":384,""max_hold_bars"":192,""regime_ema"":100,""risk_reward"":4.0,""side"":""long""}",188.0,65.0,123.0,188.0,0.09733775353868342,0.17845522480592743,0.081117471267244,1.1452917688080204,12.556823537808892,0.10187850750844765,,,4.0,14.0,,192,,,4.0,long,,,100.0,,,,14.0,,,,,0.25,384.0
rolling_range_breakout,536ec1df5ac13fb1cfab10bc,"{""atr_stop_multiplier"":4.0,""atr_stop_window"":14,""atr_window"":14,""breakout_atr_buffer"":0.25,""lookback"":384,""max_hold_bars"":192,""regime_ema"":200,""risk_reward"":4.0,""side"":""long""}",188.0,65.0,123.0,188.0,0.09733775353868342,0.17845522480592743,0.081117471267244,1.1452917688080204,12.556823537808892,0.10187850750844765,,,4.0,14.0,,192,,,4.0,long,,,200.0,,,,14.0,,,,,0.25,384.0
rolling_range_breakout,e3fbecea7ecb21efe821aed2,"{""atr_stop_multiplier"":3.0,""atr_stop_window"":14,""atr_window"":14,""breakout_atr_buffer"":0.5,""lookback"":384,""max_hold_bars"":192,""regime_ema"":100,""risk_reward"":4.0,""side"":""long""}",186.0,56.0,130.0,186.0,0.09718969949343283,0.20388155716931594,0.10669185767588305,1.130478592052205,19.99916415946106,0.12185631627066194,,,3.0,14.0,,192,,,4.0,long,,,100.0,,,,14.0,,,,,0.5,384.0
rolling_range_breakout,3225b8d46021b8c600ac6d55,"{""atr_stop_multiplier"":3.0,""atr_stop_window"":14,""atr_window"":14,""breakout_atr_buffer"":0.5,""lookback"":384,""max_hold_bars"":192,""regime_ema"":200,""risk_reward"":4.0,""side"":""long""}",186.0,56.0,130.0,186.0,0.09718969949343283,0.20388155716931594,0.10669185767588305,1.130478592052205,19.99916415946106,0.12185631627066194,,,3.0,14.0,,192,,,4.0,long,,,200.0,,,,14.0,,,,,0.5,384.0
rolling_range_breakout,af889a649de58fbe5b3fa563,"{""atr_stop_multiplier"":2.0,""atr_stop_window"":14,""atr_window"":14,""breakout_atr_buffer"":0.5,""lookback"":384,""max_hold_bars"":192,""regime_ema"":100,""risk_reward"":3.0,""side"":""long""}",236.0,75.0,161.0,236.0,0.09709621802398893,0.252718858666006,0.15562264064201717,1.1242953888575031,12.938499176572734,0.16754520467709924,,,2.0,14.0,,192,,,3.0,long,,,100.0,,,,14.0,,,,,0.5,384.0
rolling_range_breakout,62b1c58692f0ad8027e2b3ca,"{""atr_stop_multiplier"":2.0,""atr_stop_window"":14,""atr_window"":14,""breakout_atr_buffer"":0.5,""lookback"":384,""max_hold_bars"":192,""regime_ema"":200,""risk_reward"":3.0,""side"":""long""}",236.0,75.0,161.0,236.0,0.09709621802398893,0.252718858666006,0.15562264064201717,1.1242953888575031,12.938499176572734,0.16754520467709924,,,2.0,14.0,,192,,,3.0,long,,,200.0,,,,14.0,,,,,0.5,384.0
rolling_range_breakout,72bc906fc4aa01b5a0e75d67,"{""atr_stop_multiplier"":4.0,""atr_stop_window"":14,""atr_window"":14,""breakout_atr_buffer"":0.5,""lookback"":192,""max_hold_bars"":384,""regime_ema"":100,""risk_reward"":4.0,""side"":""long""}",232.0,69.0,163.0,232.0,0.09640780774929601,0.18365824667417818,0.08725043892488216,1.1278575958477541,21.358473327974263,0.09956273209264652,,,4.0,14.0,,384,,,4.0,long,,,100.0,,,,14.0,,,,,0.5,192.0
rolling_range_breakout,7c66e318d53d7629cbad81ba,"{""atr_stop_multiplier"":4.0,""atr_stop_window"":14,""atr_window"":14,""breakout_atr_buffer"":0.5,""lookback"":192,""max_hold_bars"":384,""regime_ema"":200,""risk_reward"":4.0,""side"":""long""}",232.0,69.0,163.0,232.0,0.09640780774929601,0.18365824667417818,0.08725043892488216,1.1278575958477541,21.358473327974263,0.09956273209264652,,,4.0,14.0,,384,,,4.0,long,,,200.0,,,,14.0,,,,,0.5,192.0
rolling_range_breakout,237967215a46ab0991eb8acd,"{""atr_stop_multiplier"":3.0,""atr_stop_window"":14,""atr_window"":21,""breakout_atr_buffer"":0.5,""lookback"":384,""max_hold_bars"":192,""regime_ema"":100,""risk_reward"":4.0,""side"":""long""}",191.0,58.0,133.0,191.0,0.09521630340991967,0.20175039881125867,0.10653409540133897,1.1281846114732093,18.678824117448382,0.12223560344256777,,,3.0,14.0,,192,,,4.0,long,,,100.0,,,,21.0,,,,,0.5,384.0
rolling_range_breakout,70510f38351be1cb50c8c14f,"{""atr_stop_multiplier"":3.0,""atr_stop_window"":14,""atr_window"":21,""breakout_atr_buffer"":0.5,""lookback"":384,""max_hold_bars"":192,""regime_ema"":200,""risk_reward"":4.0,""side"":""long""}",191.0,58.0,133.0,191.0,0.09521630340991967,0.20175039881125867,0.10653409540133897,1.1281846114732093,18.678824117448382,0.12223560344256777,,,3.0,14.0,,192,,,4.0,long,,,200.0,,,,21.0,,,,,0.5,384.0
rolling_range_breakout,51a790deff30aa5555ad818d,"{""atr_stop_multiplier"":2.0,""atr_stop_window"":14,""atr_window"":14,""breakout_atr_buffer"":0.5,""lookback"":384,""max_hold_bars"":384,""regime_ema"":100,""risk_reward"":3.0,""side"":""long""}",234.0,73.0,161.0,234.0,0.09448397870248303,0.25017682540482034,0.15569284670233735,1.119426481537464,12.938499176572734,0.16635674031208647,,,2.0,14.0,,384,,,3.0,long,,,100.0,,,,14.0,,,,,0.5,384.0
rolling_range_breakout,1f566a90eb71455f2ad7ed01,"{""atr_stop_multiplier"":2.0,""atr_stop_window"":14,""atr_window"":14,""breakout_atr_buffer"":0.5,""lookback"":384,""max_hold_bars"":384,""regime_ema"":200,""risk_reward"":3.0,""side"":""long""}",234.0,73.0,161.0,234.0,0.09448397870248303,0.25017682540482034,0.15569284670233735,1.119426481537464,12.938499176572734,0.16635674031208647,,,2.0,14.0,,384,,,3.0,long,,,200.0,,,,14.0,,,,,0.5,384.0
rolling_range_breakout,5512c379ce2d3c83e57aec41,"{""atr_stop_multiplier"":2.0,""atr_stop_window"":14,""atr_window"":21,""breakout_atr_buffer"":0.5,""lookback"":384,""max_hold_bars"":192,""regime_ema"":100,""risk_reward"":3.0,""side"":""long""}",240.0,76.0,164.0,240.0,0.09371278370783954,0.24850687768823923,0.15479409398039976,1.1197219600429769,14.13381017546321,0.167189695876255,,,2.0,14.0,,192,,,3.0,long,,,100.0,,,,21.0,,,,,0.5,384.0
rolling_range_breakout,8dc86d3cb1c75304120d7417,"{""atr_stop_multiplier"":2.0,""atr_stop_window"":14,""atr_window"":21,""breakout_atr_buffer"":0.5,""lookback"":384,""max_hold_bars"":192,""regime_ema"":200,""risk_reward"":3.0,""side"":""long""}",240.0,76.0,164.0,240.0,0.09371278370783954,0.24850687768823923,0.15479409398039976,1.1197219600429769,14.13381017546321,0.167189695876255,,,2.0,14.0,,192,,,3.0,long,,,200.0,,,,21.0,,,,,0.5,384.0
rolling_range_breakout,8e25ca68b39827e39f3ac6c9,"{""atr_stop_multiplier"":4.0,""atr_stop_window"":14,""atr_window"":21,""breakout_atr_buffer"":0.5,""lookback"":192,""max_hold_bars"":384,""regime_ema"":100,""risk_reward"":4.0,""side"":""long""}",237.0,71.0,166.0,237.0,0.09206906898941537,0.1800781419818162,0.08800907299240085,1.122357556573687,22.462280294793665,0.10106680421037349,,,4.0,14.0,,384,,,4.0,long,,,100.0,,,,21.0,,,,,0.5,192.0
rolling_range_breakout,f7177d645e07ffe7f257dcd5,"{""atr_stop_multiplier"":4.0,""atr_stop_window"":14,""atr_window"":21,""breakout_atr_buffer"":0.5,""lookback"":192,""max_hold_bars"":384,""regime_ema"":200,""risk_reward"":4.0,""side"":""long""}",237.0,71.0,166.0,237.0,0.09206906898941537,0.1800781419818162,0.08800907299240085,1.122357556573687,22.462280294793665,0.10106680421037349,,,4.0,14.0,,384,,,4.0,long,,,200.0,,,,21.0,,,,,0.5,192.0
rolling_range_breakout,ed7f4b47e644de2acae05e36,"{""atr_stop_multiplier"":2.0,""atr_stop_window"":14,""atr_window"":21,""breakout_atr_buffer"":0.5,""lookback"":384,""max_hold_bars"":384,""regime_ema"":100,""risk_reward"":3.0,""side"":""long""}",238.0,74.0,164.0,238.0,0.09111601534706362,0.2459721728770082,0.15485615752994467,1.1149622058254298,14.13381017546321,0.16601696167624697,,,2.0,14.0,,384,,,3.0,long,,,100.0,,,,21.0,,,,,0.5,384.0
rolling_range_breakout,ee60eabb1081f648fa930f67,"{""atr_stop_multiplier"":2.0,""atr_stop_window"":14,""atr_window"":21,""breakout_atr_buffer"":0.5,""lookback"":384,""max_hold_bars"":384,""regime_ema"":200,""risk_reward"":3.0,""side"":""long""}",238.0,74.0,164.0,238.0,0.09111601534706362,0.2459721728770082,0.15485615752994467,1.1149622058254298,14.13381017546321,0.16601696167624697,,,2.0,14.0,,384,,,3.0,long,,,200.0,,,,21.0,,,,,0.5,384.0
rolling_range_breakout,96caabe6ff4e350e8b0f3adc,"{""atr_stop_multiplier"":4.0,""atr_stop_window"":14,""atr_window"":14,""breakout_atr_buffer"":0.5,""lookback"":384,""max_hold_bars"":96,""regime_ema"":100,""risk_reward"":4.0,""side"":""long""}",187.0,74.0,113.0,187.0,0.09092603040560027,0.1715177125742097,0.08059168216860936,1.1585438061548876,14.534608624763873,0.11563078384401514,,,4.0,14.0,,96,,,4.0,long,,,100.0,,,,14.0,,,,,0.5,384.0
rolling_range_breakout,9d2331f7ffe0fb5438285d97,"{""atr_stop_multiplier"":4.0,""atr_stop_window"":14,""atr_window"":14,""breakout_atr_buffer"":0.5,""lookback"":384,""max_hold_bars"":96,""regime_ema"":200,""risk_reward"":4.0,""side"":""long""}",187.0,74.0,113.0,187.0,0.09092603040560027,0.1715177125742097,0.08059168216860936,1.1585438061548876,14.534608624763873,0.11563078384401514,,,4.0,14.0,,96,,,4.0,long,,,200.0,,,,14.0,,,,,0.5,384.0
rolling_sweep_reclaim,cf63d5b3af45c29cc30bb1bc,"{""atr_window"":21,""level_lookback"":96,""max_hold_bars"":32,""reclaim_atr"":0.0,""regime_ema"":200,""risk_reward"":2.0,""side"":""short"",""stop_atr"":0.25,""sweep_atr"":0.0}",28.0,14.0,14.0,28.0,0.08999039208226302,0.3970454852264931,0.3070550931442299,1.1689442371740664,4.861382093100516,0.387725283192308,,,,,,32,,,2.0,short,,,200.0,,,,21.0,96.0,0.0,0.25,0.0,,
rolling_sweep_reclaim,6150322d2ec1185ea095fb2b,"{""atr_window"":21,""level_lookback"":96,""max_hold_bars"":32,""reclaim_atr"":0.1,""regime_ema"":200,""risk_reward"":2.0,""side"":""short"",""stop_atr"":0.25,""sweep_atr"":0.0}",28.0,14.0,14.0,28.0,0.08999039208226302,0.3970454852264931,0.3070550931442299,1.1689442371740664,4.861382093100516,0.387725283192308,,,,,,32,,,2.0,short,,,200.0,,,,21.0,96.0,0.1,0.25,0.0,,
rolling_range_breakout,39c68e3bd65ccd77f5a0aa26,"{""atr_stop_multiplier"":3.0,""atr_stop_window"":14,""atr_window"":21,""breakout_atr_buffer"":0.25,""lookback"":384,""max_hold_bars"":384,""regime_ema"":100,""risk_reward"":3.0,""side"":""long""}",216.0,65.0,151.0,216.0,0.08988745155610757,0.19566062968463296,0.10577317812852545,1.1170007680727756,17.88812062213977,0.11864356346309562,,,3.0,14.0,,384,,,3.0,long,,,100.0,,,,21.0,,,,,0.25,384.0
rolling_range_breakout,ba9928556eb7fcf538293c0b,"{""atr_stop_multiplier"":3.0,""atr_stop_window"":14,""atr_window"":21,""breakout_atr_buffer"":0.25,""lookback"":384,""max_hold_bars"":384,""regime_ema"":200,""risk_reward"":3.0,""side"":""long""}",216.0,65.0,151.0,216.0,0.08988745155610757,0.19566062968463296,0.10577317812852545,1.1170007680727756,17.88812062213977,0.11864356346309562,,,3.0,14.0,,384,,,3.0,long,,,200.0,,,,21.0,,,,,0.25,384.0
rolling_sweep_reclaim,4cb67caae7ba95db2fa2c484,"{""atr_window"":14,""level_lookback"":96,""max_hold_bars"":32,""reclaim_atr"":0.0,""regime_ema"":200,""risk_reward"":2.0,""side"":""short"",""stop_atr"":0.25,""sweep_atr"":0.0}",28.0,14.0,14.0,28.0,0.08979150115354259,0.3958866036961575,0.30609510254261496,1.168644700551195,4.86494596903662,0.38708205417194047,,,,,,32,,,2.0,short,,,200.0,,,,14.0,96.0,0.0,0.25,0.0,,
rolling_sweep_reclaim,a2fb1794e7e47035afbef744,"{""atr_window"":14,""level_lookback"":96,""max_hold_bars"":32,""reclaim_atr"":0.1,""regime_ema"":200,""risk_reward"":2.0,""side"":""short"",""stop_atr"":0.25,""sweep_atr"":0.0}",28.0,14.0,14.0,28.0,0.08979150115354259,0.3958866036961575,0.30609510254261496,1.168644700551195,4.86494596903662,0.38708205417194047,,,,,,32,,,2.0,short,,,200.0,,,,14.0,96.0,0.1,0.25,0.0,,
rolling_range_breakout,272cfc60e326e53fe9429628,"{""atr_stop_multiplier"":4.0,""atr_stop_window"":14,""atr_window"":21,""breakout_atr_buffer"":0.25,""lookback"":384,""max_hold_bars"":192,""regime_ema"":100,""risk_reward"":4.0,""side"":""long""}",189.0,65.0,124.0,189.0,0.08887503534044884,0.17014751194602354,0.08127247660557466,1.1321798883365333,12.556823537808892,0.10288535506476225,,,4.0,14.0,,192,,,4.0,long,,,100.0,,,,21.0,,,,,0.25,384.0
rolling_range_breakout,11f3cd08b3cad988e19fdef7,"{""atr_stop_multiplier"":4.0,""atr_stop_window"":14,""atr_window"":21,""breakout_atr_buffer"":0.25,""lookback"":384,""max_hold_bars"":192,""regime_ema"":200,""risk_reward"":4.0,""side"":""long""}",189.0,65.0,124.0,189.0,0.08887503534044884,0.17014751194602354,0.08127247660557466,1.1321798883365333,12.556823537808892,0.10288535506476225,,,4.0,14.0,,192,,,4.0,long,,,200.0,,,,21.0,,,,,0.25,384.0
rolling_range_breakout,a3a0fbbf5a5c3d4fd54eed6b,"{""atr_stop_multiplier"":2.0,""atr_stop_window"":14,""atr_window"":14,""breakout_atr_buffer"":0.25,""lookback"":384,""max_hold_bars"":96,""regime_ema"":100,""risk_reward"":3.0,""side"":""long""}",270.0,92.0,178.0,270.0,0.088463609853374,0.24461876204819477,0.15615515219482085,1.117150133633885,14.905481400297978,0.1739647015877085,,,2.0,14.0,,96,,,3.0,long,,,100.0,,,,14.0,,,,,0.25,384.0
rolling_range_breakout,a3860d95333453499ce6cdef,"{""atr_stop_multiplier"":2.0,""atr_stop_window"":14,""atr_window"":14,""breakout_atr_buffer"":0.25,""lookback"":384,""max_hold_bars"":96,""regime_ema"":200,""risk_reward"":3.0,""side"":""long""}",270.0,92.0,178.0,270.0,0.088463609853374,0.24461876204819477,0.15615515219482085,1.117150133633885,14.905481400297978,0.1739647015877085,,,2.0,14.0,,96,,,3.0,long,,,200.0,,,,14.0,,,,,0.25,384.0
rolling_range_breakout,2775035c3e7c4bdd1f50a305,"{""atr_stop_multiplier"":2.0,""atr_stop_window"":14,""atr_window"":21,""breakout_atr_buffer"":0.25,""lookback"":192,""max_hold_bars"":96,""regime_ema"":100,""risk_reward"":4.0,""side"":""long""}",384.0,117.0,267.0,384.0,0.0884031725305826,0.2639804994066633,0.17557732687608077,1.108699684906548,24.03668148529126,0.1844023619656676,,,2.0,14.0,,96,,,4.0,long,,,100.0,,,,21.0,,,,,0.25,192.0
rolling_range_breakout,50630b4b51468b53951ebc8e,"{""atr_stop_multiplier"":2.0,""atr_stop_window"":14,""atr_window"":21,""breakout_atr_buffer"":0.25,""lookback"":192,""max_hold_bars"":96,""regime_ema"":200,""risk_reward"":4.0,""side"":""long""}",384.0,117.0,267.0,384.0,0.0884031725305826,0.2639804994066633,0.17557732687608077,1.108699684906548,24.03668148529126,0.1844023619656676,,,2.0,14.0,,96,,,4.0,long,,,200.0,,,,21.0,,,,,0.25,192.0
rolling_sweep_reclaim,655e75a6486c89e05add7c38,"{""atr_window"":14,""level_lookback"":96,""max_hold_bars"":64,""reclaim_atr"":0.0,""regime_ema"":200,""risk_reward"":2.5,""side"":""short"",""stop_atr"":0.1,""sweep_atr"":0.0}",29.0,12.0,17.0,29.0,0.08443271007706452,0.4179053056697535,0.33347259559268905,1.131091840853338,6.851475603669826,0.37988255790562714,,,,,,64,,,2.5,short,,,200.0,,,,14.0,96.0,0.0,0.1,0.0,,
rolling_sweep_reclaim,a93018bbdddcafff9f77bd4d,"{""atr_window"":14,""level_lookback"":96,""max_hold_bars"":64,""reclaim_atr"":0.1,""regime_ema"":200,""risk_reward"":2.5,""side"":""short"",""stop_atr"":0.1,""sweep_atr"":0.0}",29.0,12.0,17.0,29.0,0.08443271007706452,0.4179053056697535,0.33347259559268905,1.131091840853338,6.851475603669826,0.37988255790562714,,,,,,64,,,2.5,short,,,200.0,,,,14.0,96.0,0.1,0.1,0.0,,
rolling_sweep_reclaim,655994c527c0ef335c126777,"{""atr_window"":21,""level_lookback"":96,""max_hold_bars"":64,""reclaim_atr"":0.0,""regime_ema"":200,""risk_reward"":2.5,""side"":""short"",""stop_atr"":0.1,""sweep_atr"":0.0}",29.0,12.0,17.0,29.0,0.08425113338806575,0.4180964155311965,0.3338452821431307,1.1307677764177875,6.856512779848982,0.38020662475550604,,,,,,64,,,2.5,short,,,200.0,,,,21.0,96.0,0.0,0.1,0.0,,
rolling_sweep_reclaim,3b0f06f71816064bd7387592,"{""atr_window"":21,""level_lookback"":96,""max_hold_bars"":64,""reclaim_atr"":0.1,""regime_ema"":200,""risk_reward"":2.5,""side"":""short"",""stop_atr"":0.1,""sweep_atr"":0.0}",29.0,12.0,17.0,29.0,0.08425113338806575,0.4180964155311965,0.3338452821431307,1.1307677764177875,6.856512779848982,0.38020662475550604,,,,,,64,,,2.5,short,,,200.0,,,,21.0,96.0,0.1,0.1,0.0,,
rolling_range_breakout,dd3ba7c5126db780d3c18a4d,"{""atr_stop_multiplier"":3.0,""atr_stop_window"":14,""atr_window"":14,""breakout_atr_buffer"":0.25,""lookback"":384,""max_hold_bars"":384,""regime_ema"":100,""risk_reward"":3.0,""side"":""long""}",215.0,65.0,150.0,215.0,0.08347161503639543,0.18851055249540297,0.10503893745900755,1.1089730846760057,17.88812062213977,0.11896283618651515,,,3.0,14.0,,384,,,3.0,long,,,100.0,,,,14.0,,,,,0.25,384.0
rolling_range_breakout,5fc9bfd7c55fd9dc9d45bef7,"{""atr_stop_multiplier"":3.0,""atr_stop_window"":14,""atr_window"":14,""breakout_atr_buffer"":0.25,""lookback"":384,""max_hold_bars"":384,""regime_ema"":200,""risk_reward"":3.0,""side"":""long""}",215.0,65.0,150.0,215.0,0.08347161503639543,0.18851055249540297,0.10503893745900755,1.1089730846760057,17.88812062213977,0.11896283618651515,,,3.0,14.0,,384,,,3.0,long,,,200.0,,,,14.0,,,,,0.25,384.0
rolling_range_breakout,c9a7c6ce51ddc9c0427af7ce,"{""atr_stop_multiplier"":4.0,""atr_stop_window"":14,""atr_window"":21,""breakout_atr_buffer"":0.5,""lookback"":384,""max_hold_bars"":96,""regime_ema"":100,""risk_reward"":4.0,""side"":""long""}",191.0,76.0,115.0,191.0,0.08332213288627839,0.16394767679486613,0.0806255439085877,1.144048259697951,14.534608624763873,0.11615727266295096,,,4.0,14.0,,96,,,4.0,long,,,100.0,,,,21.0,,,,,0.5,384.0
rolling_range_breakout,c6bf233d62310ce3f32613e8,"{""atr_stop_multiplier"":4.0,""atr_stop_window"":14,""atr_window"":21,""breakout_atr_buffer"":0.5,""lookback"":384,""max_hold_bars"":96,""regime_ema"":200,""risk_reward"":4.0,""side"":""long""}",191.0,76.0,115.0,191.0,0.08332213288627839,0.16394767679486613,0.0806255439085877,1.144048259697951,14.534608624763873,0.11615727266295096,,,4.0,14.0,,96,,,4.0,long,,,200.0,,,,21.0,,,,,0.5,384.0
rolling_range_breakout,e7d399bcd8c259fc975db0c9,"{""atr_stop_multiplier"":4.0,""atr_stop_window"":14,""atr_window"":14,""breakout_atr_buffer"":0.5,""lookback"":96,""max_hold_bars"":384,""regime_ema"":100,""risk_reward"":4.0,""side"":""long""}",350.0,100.0,250.0,350.0,0.08164611398677402,0.1818620194422388,0.10021590545546477,1.1049882229106756,31.272854028963266,0.11296861907037212,,,4.0,14.0,,384,,,4.0,long,,,100.0,,,,14.0,,,,,0.5,96.0
rolling_range_breakout,cbe2bb5edbacce21756407df,"{""atr_stop_multiplier"":2.0,""atr_stop_window"":14,""atr_window"":14,""breakout_atr_buffer"":0.5,""lookback"":192,""max_hold_bars"":384,""regime_ema"":100,""risk_reward"":3.0,""side"":""long""}",338.0,107.0,231.0,338.0,0.08043117695491177,0.2523214850899971,0.1718903081350854,1.1004465825375964,18.979087325565875,0.1836918799335567,,,2.0,14.0,,384,,,3.0,long,,,100.0,,,,14.0,,,,,0.5,192.0
